,名称,X,Y,Z,C,用户坐标,手系,J1 Flag,J2 Flag
P0000,HOME,400,0,0,0,0,右手系,0,0
P0001,hr,54.389,-218.374,0,-229.604,0,右手系,0,0
P0002,hl,-85.901,-194.359,0,-221.358,0,左手系,0,0
P0003,tr,-144.865,-207.151,-79.686,73.725,0,右手系,0,0
P0004,a,-249.081,-188.649,-227.131,70.441,0,右手系,1,0
P0005,b,-150.074,-242.174,-226.808,77.717,0,右手系,0,0
P0006,c,-21.814,-278.823,-228.865,88.613,0,右手系,0,0
P0007,cr,257.336,-98.744,-70.778,-41.104,0,右手系,0,0
P0008,a,230.656,-172.078,-66.961,-47.865,0,右手系,0,0
P0009,b,317.309,-99.716,-67.388,-34.957,0,右手系,0,0
P0010,br,-125.847,-118.989,-40.016,-146.292,0,左手系,0,0
P0011,1,-286.109,-133.731,-233.56,-161.042,0,左手系,0,0
P0012,2,-285.38,-31.951,-237.773,-167.584,0,左手系,0,0
P0013,3,-266.122,88.905,-237.873,-177.505,0,左手系,0,0
P0014,4,-287.521,-134.425,-32.494,-161.626,0,左手系,0,0
P0015,5,-287.474,-33.205,-26.395,-168.699,0,左手系,0,0
P0016,6,-268.429,83.801,-33.012,-178.977,0,左手系,0,0
P0017,r2,-215.637,-54.555,-28.081,-241.155,0,左手系,0,0
P0018,2,-196.556,105.81,-86.794,-262.426,0,左手系,0,0
P0019,r3,-287.538,6.724,-3.007,-116.382,0,右手系,0,0
P0020,3,-364.422,-86.291,-87.739,-102.294,0,右手系,0,0
P0021,r4,197.128,-210.299,-1.547,-239.991,0,右手系,0,0
P0022,4,285.245,-155.541,-93.238,-202.494,0,右手系,0,0
P0023,r5,110.048,-170.664,-3.574,-94.292,0,右手系,0,0
P0024,5,238.519,-193.32,-91.881,-48.472,0,右手系,0,0
P0025,r6,13.791,-214.863,-0.52,-70.529,0,右手系,0,0
P0026,6,87.668,-347.162,-172.716,-59.513,0,右手系,0,0
P0027,r7,61.644,-281.455,-97.044,-63.884,0,右手系,0,0
P0028,7,78.055,-339.481,-38.911,-60.858,0,右手系,0,0
P0029,r8,18.508,-292.378,-34.962,-129.987,0,左手系,0,0
P0030,8,-100.513,-312.78,-118.847,-143.447,0,左手系,0,0
P0031,qr,33.547,-271.817,-62.485,-67.731,0,右手系,0,0
P0032,qa,185.662,-331.911,-100.243,-40.583,0,右手系,0,0
P0033,qb,20.99,-369.479,-102.737,-71.659,0,右手系,0,0
P0034*,,,,,,,,,
P0035*,,,,,,,,,
P0036*,,,,,,,,,
P0037*,,,,,,,,,
P0038*,,,,,,,,,
P0039*,,,,,,,,,
P0040*,,,,,,,,,
P0041*,,,,,,,,,
P0042*,,,,,,,,,
P0043*,,,,,,,,,
P0044*,,,,,,,,,
P0045*,,,,,,,,,
P0046*,,,,,,,,,
P0047*,,,,,,,,,
P0048*,,,,,,,,,
P0049*,,,,,,,,,
P0050*,,,,,,,,,
P0051*,,,,,,,,,
P0052*,,,,,,,,,
P0053*,,,,,,,,,
P0054*,,,,,,,,,
P0055*,,,,,,,,,
P0056*,,,,,,,,,
P0057*,,,,,,,,,
P0058*,,,,,,,,,
P0059*,,,,,,,,,
P0060*,,,,,,,,,
P0061*,,,,,,,,,
P0062*,,,,,,,,,
P0063*,,,,,,,,,
P0064*,,,,,,,,,
P0065*,,,,,,,,,
P0066*,,,,,,,,,
P0067*,,,,,,,,,
P0068*,,,,,,,,,
P0069*,,,,,,,,,
P0070*,,,,,,,,,
P0071*,,,,,,,,,
P0072*,,,,,,,,,
P0073*,,,,,,,,,
P0074*,,,,,,,,,
P0075*,,,,,,,,,
P0076*,,,,,,,,,
P0077*,,,,,,,,,
P0078*,,,,,,,,,
P0079*,,,,,,,,,
P0080*,,,,,,,,,
P0081*,,,,,,,,,
P0082*,,,,,,,,,
P0083*,,,,,,,,,
P0084*,,,,,,,,,
P0085*,,,,,,,,,
P0086*,,,,,,,,,
P0087*,,,,,,,,,
P0088*,,,,,,,,,
P0089*,,,,,,,,,
P0090*,,,,,,,,,
P0091*,,,,,,,,,
P0092*,,,,,,,,,
P0093*,,,,,,,,,
P0094*,,,,,,,,,
P0095*,,,,,,,,,
P0096*,,,,,,,,,
P0097*,,,,,,,,,
P0098*,,,,,,,,,
P0099*,,,,,,,,,
P0100*,,,,,,,,,
P0101*,,,,,,,,,
P0102*,,,,,,,,,
P0103*,,,,,,,,,
P0104*,,,,,,,,,
P0105*,,,,,,,,,
P0106*,,,,,,,,,
P0107*,,,,,,,,,
P0108*,,,,,,,,,
P0109*,,,,,,,,,
P0110*,,,,,,,,,
P0111*,,,,,,,,,
P0112*,,,,,,,,,
P0113*,,,,,,,,,
P0114*,,,,,,,,,
P0115*,,,,,,,,,
P0116*,,,,,,,,,
P0117*,,,,,,,,,
P0118*,,,,,,,,,
P0119*,,,,,,,,,
P0120*,,,,,,,,,
P0121*,,,,,,,,,
P0122*,,,,,,,,,
P0123*,,,,,,,,,
P0124*,,,,,,,,,
P0125*,,,,,,,,,
P0126*,,,,,,,,,
P0127*,,,,,,,,,
P0128*,,,,,,,,,
P0129*,,,,,,,,,
P0130*,,,,,,,,,
P0131*,,,,,,,,,
P0132*,,,,,,,,,
P0133*,,,,,,,,,
P0134*,,,,,,,,,
P0135*,,,,,,,,,
P0136*,,,,,,,,,
P0137*,,,,,,,,,
P0138*,,,,,,,,,
P0139*,,,,,,,,,
P0140*,,,,,,,,,
P0141*,,,,,,,,,
P0142*,,,,,,,,,
P0143*,,,,,,,,,
P0144*,,,,,,,,,
P0145*,,,,,,,,,
P0146*,,,,,,,,,
P0147*,,,,,,,,,
P0148*,,,,,,,,,
P0149*,,,,,,,,,
P0150*,,,,,,,,,
P0151*,,,,,,,,,
P0152*,,,,,,,,,
P0153*,,,,,,,,,
P0154*,,,,,,,,,
P0155*,,,,,,,,,
P0156*,,,,,,,,,
P0157*,,,,,,,,,
P0158*,,,,,,,,,
P0159*,,,,,,,,,
P0160*,,,,,,,,,
P0161*,,,,,,,,,
P0162*,,,,,,,,,
P0163*,,,,,,,,,
P0164*,,,,,,,,,
P0165*,,,,,,,,,
P0166*,,,,,,,,,
P0167*,,,,,,,,,
P0168*,,,,,,,,,
P0169*,,,,,,,,,
P0170*,,,,,,,,,
P0171*,,,,,,,,,
P0172*,,,,,,,,,
P0173*,,,,,,,,,
P0174*,,,,,,,,,
P0175*,,,,,,,,,
P0176*,,,,,,,,,
P0177*,,,,,,,,,
P0178*,,,,,,,,,
P0179*,,,,,,,,,
P0180*,,,,,,,,,
P0181*,,,,,,,,,
P0182*,,,,,,,,,
P0183*,,,,,,,,,
P0184*,,,,,,,,,
P0185*,,,,,,,,,
P0186*,,,,,,,,,
P0187*,,,,,,,,,
P0188*,,,,,,,,,
P0189*,,,,,,,,,
P0190*,,,,,,,,,
P0191*,,,,,,,,,
P0192*,,,,,,,,,
P0193*,,,,,,,,,
P0194*,,,,,,,,,
P0195*,,,,,,,,,
P0196*,,,,,,,,,
P0197*,,,,,,,,,
P0198*,,,,,,,,,
P0199*,,,,,,,,,
P0200*,,,,,,,,,
P0201*,,,,,,,,,
P0202*,,,,,,,,,
P0203*,,,,,,,,,
P0204*,,,,,,,,,
P0205*,,,,,,,,,
P0206*,,,,,,,,,
P0207*,,,,,,,,,
P0208*,,,,,,,,,
P0209*,,,,,,,,,
P0210*,,,,,,,,,
P0211*,,,,,,,,,
P0212*,,,,,,,,,
P0213*,,,,,,,,,
P0214*,,,,,,,,,
P0215*,,,,,,,,,
P0216*,,,,,,,,,
P0217*,,,,,,,,,
P0218*,,,,,,,,,
P0219*,,,,,,,,,
P0220*,,,,,,,,,
P0221*,,,,,,,,,
P0222*,,,,,,,,,
P0223*,,,,,,,,,
P0224*,,,,,,,,,
P0225*,,,,,,,,,
P0226*,,,,,,,,,
P0227*,,,,,,,,,
P0228*,,,,,,,,,
P0229*,,,,,,,,,
P0230*,,,,,,,,,
P0231*,,,,,,,,,
P0232*,,,,,,,,,
P0233*,,,,,,,,,
P0234*,,,,,,,,,
P0235*,,,,,,,,,
P0236*,,,,,,,,,
P0237*,,,,,,,,,
P0238*,,,,,,,,,
P0239*,,,,,,,,,
P0240*,,,,,,,,,
P0241*,,,,,,,,,
P0242*,,,,,,,,,
P0243*,,,,,,,,,
P0244*,,,,,,,,,
P0245*,,,,,,,,,
P0246*,,,,,,,,,
P0247*,,,,,,,,,
P0248*,,,,,,,,,
P0249*,,,,,,,,,
P0250*,,,,,,,,,
P0251*,,,,,,,,,
P0252*,,,,,,,,,
P0253*,,,,,,,,,
P0254*,,,,,,,,,
P0255*,,,,,,,,,
P0256*,,,,,,,,,
P0257*,,,,,,,,,
P0258*,,,,,,,,,
P0259*,,,,,,,,,
P0260*,,,,,,,,,
P0261*,,,,,,,,,
P0262*,,,,,,,,,
P0263*,,,,,,,,,
P0264*,,,,,,,,,
P0265*,,,,,,,,,
P0266*,,,,,,,,,
P0267*,,,,,,,,,
P0268*,,,,,,,,,
P0269*,,,,,,,,,
P0270*,,,,,,,,,
P0271*,,,,,,,,,
P0272*,,,,,,,,,
P0273*,,,,,,,,,
P0274*,,,,,,,,,
P0275*,,,,,,,,,
P0276*,,,,,,,,,
P0277*,,,,,,,,,
P0278*,,,,,,,,,
P0279*,,,,,,,,,
P0280*,,,,,,,,,
P0281*,,,,,,,,,
P0282*,,,,,,,,,
P0283*,,,,,,,,,
P0284*,,,,,,,,,
P0285*,,,,,,,,,
P0286*,,,,,,,,,
P0287*,,,,,,,,,
P0288*,,,,,,,,,
P0289*,,,,,,,,,
P0290*,,,,,,,,,
P0291*,,,,,,,,,
P0292*,,,,,,,,,
P0293*,,,,,,,,,
P0294*,,,,,,,,,
P0295*,,,,,,,,,
P0296*,,,,,,,,,
P0297*,,,,,,,,,
P0298*,,,,,,,,,
P0299*,,,,,,,,,
P0300*,,,,,,,,,
P0301*,,,,,,,,,
P0302*,,,,,,,,,
P0303*,,,,,,,,,
P0304*,,,,,,,,,
P0305*,,,,,,,,,
P0306*,,,,,,,,,
P0307*,,,,,,,,,
P0308*,,,,,,,,,
P0309*,,,,,,,,,
P0310*,,,,,,,,,
P0311*,,,,,,,,,
P0312*,,,,,,,,,
P0313*,,,,,,,,,
P0314*,,,,,,,,,
P0315*,,,,,,,,,
P0316*,,,,,,,,,
P0317*,,,,,,,,,
P0318*,,,,,,,,,
P0319*,,,,,,,,,
P0320*,,,,,,,,,
P0321*,,,,,,,,,
P0322*,,,,,,,,,
P0323*,,,,,,,,,
P0324*,,,,,,,,,
P0325*,,,,,,,,,
P0326*,,,,,,,,,
P0327*,,,,,,,,,
P0328*,,,,,,,,,
P0329*,,,,,,,,,
P0330*,,,,,,,,,
P0331*,,,,,,,,,
P0332*,,,,,,,,,
P0333*,,,,,,,,,
P0334*,,,,,,,,,
P0335*,,,,,,,,,
P0336*,,,,,,,,,
P0337*,,,,,,,,,
P0338*,,,,,,,,,
P0339*,,,,,,,,,
P0340*,,,,,,,,,
P0341*,,,,,,,,,
P0342*,,,,,,,,,
P0343*,,,,,,,,,
P0344*,,,,,,,,,
P0345*,,,,,,,,,
P0346*,,,,,,,,,
P0347*,,,,,,,,,
P0348*,,,,,,,,,
P0349*,,,,,,,,,
P0350*,,,,,,,,,
P0351*,,,,,,,,,
P0352*,,,,,,,,,
P0353*,,,,,,,,,
P0354*,,,,,,,,,
P0355*,,,,,,,,,
P0356*,,,,,,,,,
P0357*,,,,,,,,,
P0358*,,,,,,,,,
P0359*,,,,,,,,,
P0360*,,,,,,,,,
P0361*,,,,,,,,,
P0362*,,,,,,,,,
P0363*,,,,,,,,,
P0364*,,,,,,,,,
P0365*,,,,,,,,,
P0366*,,,,,,,,,
P0367*,,,,,,,,,
P0368*,,,,,,,,,
P0369*,,,,,,,,,
P0370*,,,,,,,,,
P0371*,,,,,,,,,
P0372*,,,,,,,,,
P0373*,,,,,,,,,
P0374*,,,,,,,,,
P0375*,,,,,,,,,
P0376*,,,,,,,,,
P0377*,,,,,,,,,
P0378*,,,,,,,,,
P0379*,,,,,,,,,
P0380*,,,,,,,,,
P0381*,,,,,,,,,
P0382*,,,,,,,,,
P0383*,,,,,,,,,
P0384*,,,,,,,,,
P0385*,,,,,,,,,
P0386*,,,,,,,,,
P0387*,,,,,,,,,
P0388*,,,,,,,,,
P0389*,,,,,,,,,
P0390*,,,,,,,,,
P0391*,,,,,,,,,
P0392*,,,,,,,,,
P0393*,,,,,,,,,
P0394*,,,,,,,,,
P0395*,,,,,,,,,
P0396*,,,,,,,,,
P0397*,,,,,,,,,
P0398*,,,,,,,,,
P0399*,,,,,,,,,
P0400*,,,,,,,,,
P0401*,,,,,,,,,
P0402*,,,,,,,,,
P0403*,,,,,,,,,
P0404*,,,,,,,,,
P0405*,,,,,,,,,
P0406*,,,,,,,,,
P0407*,,,,,,,,,
P0408*,,,,,,,,,
P0409*,,,,,,,,,
P0410*,,,,,,,,,
P0411*,,,,,,,,,
P0412*,,,,,,,,,
P0413*,,,,,,,,,
P0414*,,,,,,,,,
P0415*,,,,,,,,,
P0416*,,,,,,,,,
P0417*,,,,,,,,,
P0418*,,,,,,,,,
P0419*,,,,,,,,,
P0420*,,,,,,,,,
P0421*,,,,,,,,,
P0422*,,,,,,,,,
P0423*,,,,,,,,,
P0424*,,,,,,,,,
P0425*,,,,,,,,,
P0426*,,,,,,,,,
P0427*,,,,,,,,,
P0428*,,,,,,,,,
P0429*,,,,,,,,,
P0430*,,,,,,,,,
P0431*,,,,,,,,,
P0432*,,,,,,,,,
P0433*,,,,,,,,,
P0434*,,,,,,,,,
P0435*,,,,,,,,,
P0436*,,,,,,,,,
P0437*,,,,,,,,,
P0438*,,,,,,,,,
P0439*,,,,,,,,,
P0440*,,,,,,,,,
P0441*,,,,,,,,,
P0442*,,,,,,,,,
P0443*,,,,,,,,,
P0444*,,,,,,,,,
P0445*,,,,,,,,,
P0446*,,,,,,,,,
P0447*,,,,,,,,,
P0448*,,,,,,,,,
P0449*,,,,,,,,,
P0450*,,,,,,,,,
P0451*,,,,,,,,,
P0452*,,,,,,,,,
P0453*,,,,,,,,,
P0454*,,,,,,,,,
P0455*,,,,,,,,,
P0456*,,,,,,,,,
P0457*,,,,,,,,,
P0458*,,,,,,,,,
P0459*,,,,,,,,,
P0460*,,,,,,,,,
P0461*,,,,,,,,,
P0462*,,,,,,,,,
P0463*,,,,,,,,,
P0464*,,,,,,,,,
P0465*,,,,,,,,,
P0466*,,,,,,,,,
P0467*,,,,,,,,,
P0468*,,,,,,,,,
P0469*,,,,,,,,,
P0470*,,,,,,,,,
P0471*,,,,,,,,,
P0472*,,,,,,,,,
P0473*,,,,,,,,,
P0474*,,,,,,,,,
P0475*,,,,,,,,,
P0476*,,,,,,,,,
P0477*,,,,,,,,,
P0478*,,,,,,,,,
P0479*,,,,,,,,,
P0480*,,,,,,,,,
P0481*,,,,,,,,,
P0482*,,,,,,,,,
P0483*,,,,,,,,,
P0484*,,,,,,,,,
P0485*,,,,,,,,,
P0486*,,,,,,,,,
P0487*,,,,,,,,,
P0488*,,,,,,,,,
P0489*,,,,,,,,,
P0490*,,,,,,,,,
P0491*,,,,,,,,,
P0492*,,,,,,,,,
P0493*,,,,,,,,,
P0494*,,,,,,,,,
P0495*,,,,,,,,,
P0496*,,,,,,,,,
P0497*,,,,,,,,,
P0498*,,,,,,,,,
P0499*,,,,,,,,,
P0500*,,,,,,,,,
P0501*,,,,,,,,,
P0502*,,,,,,,,,
P0503*,,,,,,,,,
P0504*,,,,,,,,,
P0505*,,,,,,,,,
P0506*,,,,,,,,,
P0507*,,,,,,,,,
P0508*,,,,,,,,,
P0509*,,,,,,,,,
P0510*,,,,,,,,,
P0511*,,,,,,,,,
P0512*,,,,,,,,,
P0513*,,,,,,,,,
P0514*,,,,,,,,,
P0515*,,,,,,,,,
P0516*,,,,,,,,,
P0517*,,,,,,,,,
P0518*,,,,,,,,,
P0519*,,,,,,,,,
P0520*,,,,,,,,,
P0521*,,,,,,,,,
P0522*,,,,,,,,,
P0523*,,,,,,,,,
P0524*,,,,,,,,,
P0525*,,,,,,,,,
P0526*,,,,,,,,,
P0527*,,,,,,,,,
P0528*,,,,,,,,,
P0529*,,,,,,,,,
P0530*,,,,,,,,,
P0531*,,,,,,,,,
P0532*,,,,,,,,,
P0533*,,,,,,,,,
P0534*,,,,,,,,,
P0535*,,,,,,,,,
P0536*,,,,,,,,,
P0537*,,,,,,,,,
P0538*,,,,,,,,,
P0539*,,,,,,,,,
P0540*,,,,,,,,,
P0541*,,,,,,,,,
P0542*,,,,,,,,,
P0543*,,,,,,,,,
P0544*,,,,,,,,,
P0545*,,,,,,,,,
P0546*,,,,,,,,,
P0547*,,,,,,,,,
P0548*,,,,,,,,,
P0549*,,,,,,,,,
P0550*,,,,,,,,,
P0551*,,,,,,,,,
P0552*,,,,,,,,,
P0553*,,,,,,,,,
P0554*,,,,,,,,,
P0555*,,,,,,,,,
P0556*,,,,,,,,,
P0557*,,,,,,,,,
P0558*,,,,,,,,,
P0559*,,,,,,,,,
P0560*,,,,,,,,,
P0561*,,,,,,,,,
P0562*,,,,,,,,,
P0563*,,,,,,,,,
P0564*,,,,,,,,,
P0565*,,,,,,,,,
P0566*,,,,,,,,,
P0567*,,,,,,,,,
P0568*,,,,,,,,,
P0569*,,,,,,,,,
P0570*,,,,,,,,,
P0571*,,,,,,,,,
P0572*,,,,,,,,,
P0573*,,,,,,,,,
P0574*,,,,,,,,,
P0575*,,,,,,,,,
P0576*,,,,,,,,,
P0577*,,,,,,,,,
P0578*,,,,,,,,,
P0579*,,,,,,,,,
P0580*,,,,,,,,,
P0581*,,,,,,,,,
P0582*,,,,,,,,,
P0583*,,,,,,,,,
P0584*,,,,,,,,,
P0585*,,,,,,,,,
P0586*,,,,,,,,,
P0587*,,,,,,,,,
P0588*,,,,,,,,,
P0589*,,,,,,,,,
P0590*,,,,,,,,,
P0591*,,,,,,,,,
P0592*,,,,,,,,,
P0593*,,,,,,,,,
P0594*,,,,,,,,,
P0595*,,,,,,,,,
P0596*,,,,,,,,,
P0597*,,,,,,,,,
P0598*,,,,,,,,,
P0599*,,,,,,,,,
P0600*,,,,,,,,,
P0601*,,,,,,,,,
P0602*,,,,,,,,,
P0603*,,,,,,,,,
P0604*,,,,,,,,,
P0605*,,,,,,,,,
P0606*,,,,,,,,,
P0607*,,,,,,,,,
P0608*,,,,,,,,,
P0609*,,,,,,,,,
P0610*,,,,,,,,,
P0611*,,,,,,,,,
P0612*,,,,,,,,,
P0613*,,,,,,,,,
P0614*,,,,,,,,,
P0615*,,,,,,,,,
P0616*,,,,,,,,,
P0617*,,,,,,,,,
P0618*,,,,,,,,,
P0619*,,,,,,,,,
P0620*,,,,,,,,,
P0621*,,,,,,,,,
P0622*,,,,,,,,,
P0623*,,,,,,,,,
P0624*,,,,,,,,,
P0625*,,,,,,,,,
P0626*,,,,,,,,,
P0627*,,,,,,,,,
P0628*,,,,,,,,,
P0629*,,,,,,,,,
P0630*,,,,,,,,,
P0631*,,,,,,,,,
P0632*,,,,,,,,,
P0633*,,,,,,,,,
P0634*,,,,,,,,,
P0635*,,,,,,,,,
P0636*,,,,,,,,,
P0637*,,,,,,,,,
P0638*,,,,,,,,,
P0639*,,,,,,,,,
P0640*,,,,,,,,,
P0641*,,,,,,,,,
P0642*,,,,,,,,,
P0643*,,,,,,,,,
P0644*,,,,,,,,,
P0645*,,,,,,,,,
P0646*,,,,,,,,,
P0647*,,,,,,,,,
P0648*,,,,,,,,,
P0649*,,,,,,,,,
P0650*,,,,,,,,,
P0651*,,,,,,,,,
P0652*,,,,,,,,,
P0653*,,,,,,,,,
P0654*,,,,,,,,,
P0655*,,,,,,,,,
P0656*,,,,,,,,,
P0657*,,,,,,,,,
P0658*,,,,,,,,,
P0659*,,,,,,,,,
P0660*,,,,,,,,,
P0661*,,,,,,,,,
P0662*,,,,,,,,,
P0663*,,,,,,,,,
P0664*,,,,,,,,,
P0665*,,,,,,,,,
P0666*,,,,,,,,,
P0667*,,,,,,,,,
P0668*,,,,,,,,,
P0669*,,,,,,,,,
P0670*,,,,,,,,,
P0671*,,,,,,,,,
P0672*,,,,,,,,,
P0673*,,,,,,,,,
P0674*,,,,,,,,,
P0675*,,,,,,,,,
P0676*,,,,,,,,,
P0677*,,,,,,,,,
P0678*,,,,,,,,,
P0679*,,,,,,,,,
P0680*,,,,,,,,,
P0681*,,,,,,,,,
P0682*,,,,,,,,,
P0683*,,,,,,,,,
P0684*,,,,,,,,,
P0685*,,,,,,,,,
P0686*,,,,,,,,,
P0687*,,,,,,,,,
P0688*,,,,,,,,,
P0689*,,,,,,,,,
P0690*,,,,,,,,,
P0691*,,,,,,,,,
P0692*,,,,,,,,,
P0693*,,,,,,,,,
P0694*,,,,,,,,,
P0695*,,,,,,,,,
P0696*,,,,,,,,,
P0697*,,,,,,,,,
P0698*,,,,,,,,,
P0699*,,,,,,,,,
P0700*,,,,,,,,,
P0701*,,,,,,,,,
P0702*,,,,,,,,,
P0703*,,,,,,,,,
P0704*,,,,,,,,,
P0705*,,,,,,,,,
P0706*,,,,,,,,,
P0707*,,,,,,,,,
P0708*,,,,,,,,,
P0709*,,,,,,,,,
P0710*,,,,,,,,,
P0711*,,,,,,,,,
P0712*,,,,,,,,,
P0713*,,,,,,,,,
P0714*,,,,,,,,,
P0715*,,,,,,,,,
P0716*,,,,,,,,,
P0717*,,,,,,,,,
P0718*,,,,,,,,,
P0719*,,,,,,,,,
P0720*,,,,,,,,,
P0721*,,,,,,,,,
P0722*,,,,,,,,,
P0723*,,,,,,,,,
P0724*,,,,,,,,,
P0725*,,,,,,,,,
P0726*,,,,,,,,,
P0727*,,,,,,,,,
P0728*,,,,,,,,,
P0729*,,,,,,,,,
P0730*,,,,,,,,,
P0731*,,,,,,,,,
P0732*,,,,,,,,,
P0733*,,,,,,,,,
P0734*,,,,,,,,,
P0735*,,,,,,,,,
P0736*,,,,,,,,,
P0737*,,,,,,,,,
P0738*,,,,,,,,,
P0739*,,,,,,,,,
P0740*,,,,,,,,,
P0741*,,,,,,,,,
P0742*,,,,,,,,,
P0743*,,,,,,,,,
P0744*,,,,,,,,,
P0745*,,,,,,,,,
P0746*,,,,,,,,,
P0747*,,,,,,,,,
P0748*,,,,,,,,,
P0749*,,,,,,,,,
P0750*,,,,,,,,,
P0751*,,,,,,,,,
P0752*,,,,,,,,,
P0753*,,,,,,,,,
P0754*,,,,,,,,,
P0755*,,,,,,,,,
P0756*,,,,,,,,,
P0757*,,,,,,,,,
P0758*,,,,,,,,,
P0759*,,,,,,,,,
P0760*,,,,,,,,,
P0761*,,,,,,,,,
P0762*,,,,,,,,,
P0763*,,,,,,,,,
P0764*,,,,,,,,,
P0765*,,,,,,,,,
P0766*,,,,,,,,,
P0767*,,,,,,,,,
P0768*,,,,,,,,,
P0769*,,,,,,,,,
P0770*,,,,,,,,,
P0771*,,,,,,,,,
P0772*,,,,,,,,,
P0773*,,,,,,,,,
P0774*,,,,,,,,,
P0775*,,,,,,,,,
P0776*,,,,,,,,,
P0777*,,,,,,,,,
P0778*,,,,,,,,,
P0779*,,,,,,,,,
P0780*,,,,,,,,,
P0781*,,,,,,,,,
P0782*,,,,,,,,,
P0783*,,,,,,,,,
P0784*,,,,,,,,,
P0785*,,,,,,,,,
P0786*,,,,,,,,,
P0787*,,,,,,,,,
P0788*,,,,,,,,,
P0789*,,,,,,,,,
P0790*,,,,,,,,,
P0791*,,,,,,,,,
P0792*,,,,,,,,,
P0793*,,,,,,,,,
P0794*,,,,,,,,,
P0795*,,,,,,,,,
P0796*,,,,,,,,,
P0797*,,,,,,,,,
P0798*,,,,,,,,,
P0799*,,,,,,,,,
P0800*,,,,,,,,,
P0801*,,,,,,,,,
P0802*,,,,,,,,,
P0803*,,,,,,,,,
P0804*,,,,,,,,,
P0805*,,,,,,,,,
P0806*,,,,,,,,,
P0807*,,,,,,,,,
P0808*,,,,,,,,,
P0809*,,,,,,,,,
P0810*,,,,,,,,,
P0811*,,,,,,,,,
P0812*,,,,,,,,,
P0813*,,,,,,,,,
P0814*,,,,,,,,,
P0815*,,,,,,,,,
P0816*,,,,,,,,,
P0817*,,,,,,,,,
P0818*,,,,,,,,,
P0819*,,,,,,,,,
P0820*,,,,,,,,,
P0821*,,,,,,,,,
P0822*,,,,,,,,,
P0823*,,,,,,,,,
P0824*,,,,,,,,,
P0825*,,,,,,,,,
P0826*,,,,,,,,,
P0827*,,,,,,,,,
P0828*,,,,,,,,,
P0829*,,,,,,,,,
P0830*,,,,,,,,,
P0831*,,,,,,,,,
P0832*,,,,,,,,,
P0833*,,,,,,,,,
P0834*,,,,,,,,,
P0835*,,,,,,,,,
P0836*,,,,,,,,,
P0837*,,,,,,,,,
P0838*,,,,,,,,,
P0839*,,,,,,,,,
P0840*,,,,,,,,,
P0841*,,,,,,,,,
P0842*,,,,,,,,,
P0843*,,,,,,,,,
P0844*,,,,,,,,,
P0845*,,,,,,,,,
P0846*,,,,,,,,,
P0847*,,,,,,,,,
P0848*,,,,,,,,,
P0849*,,,,,,,,,
P0850*,,,,,,,,,
P0851*,,,,,,,,,
P0852*,,,,,,,,,
P0853*,,,,,,,,,
P0854*,,,,,,,,,
P0855*,,,,,,,,,
P0856*,,,,,,,,,
P0857*,,,,,,,,,
P0858*,,,,,,,,,
P0859*,,,,,,,,,
P0860*,,,,,,,,,
P0861*,,,,,,,,,
P0862*,,,,,,,,,
P0863*,,,,,,,,,
P0864*,,,,,,,,,
P0865*,,,,,,,,,
P0866*,,,,,,,,,
P0867*,,,,,,,,,
P0868*,,,,,,,,,
P0869*,,,,,,,,,
P0870*,,,,,,,,,
P0871*,,,,,,,,,
P0872*,,,,,,,,,
P0873*,,,,,,,,,
P0874*,,,,,,,,,
P0875*,,,,,,,,,
P0876*,,,,,,,,,
P0877*,,,,,,,,,
P0878*,,,,,,,,,
P0879*,,,,,,,,,
P0880*,,,,,,,,,
P0881*,,,,,,,,,
P0882*,,,,,,,,,
P0883*,,,,,,,,,
P0884*,,,,,,,,,
P0885*,,,,,,,,,
P0886*,,,,,,,,,
P0887*,,,,,,,,,
P0888*,,,,,,,,,
P0889*,,,,,,,,,
P0890*,,,,,,,,,
P0891*,,,,,,,,,
P0892*,,,,,,,,,
P0893*,,,,,,,,,
P0894*,,,,,,,,,
P0895*,,,,,,,,,
P0896*,,,,,,,,,
P0897*,,,,,,,,,
P0898*,,,,,,,,,
P0899*,,,,,,,,,
P0900*,,,,,,,,,
P0901*,,,,,,,,,
P0902*,,,,,,,,,
P0903*,,,,,,,,,
P0904*,,,,,,,,,
P0905*,,,,,,,,,
P0906*,,,,,,,,,
P0907*,,,,,,,,,
P0908*,,,,,,,,,
P0909*,,,,,,,,,
P0910*,,,,,,,,,
P0911*,,,,,,,,,
P0912*,,,,,,,,,
P0913*,,,,,,,,,
P0914*,,,,,,,,,
P0915*,,,,,,,,,
P0916*,,,,,,,,,
P0917*,,,,,,,,,
P0918*,,,,,,,,,
P0919*,,,,,,,,,
P0920*,,,,,,,,,
P0921*,,,,,,,,,
P0922*,,,,,,,,,
P0923*,,,,,,,,,
P0924*,,,,,,,,,
P0925*,,,,,,,,,
P0926*,,,,,,,,,
P0927*,,,,,,,,,
P0928*,,,,,,,,,
P0929*,,,,,,,,,
P0930*,,,,,,,,,
P0931*,,,,,,,,,
P0932*,,,,,,,,,
P0933*,,,,,,,,,
P0934*,,,,,,,,,
P0935*,,,,,,,,,
P0936*,,,,,,,,,
P0937*,,,,,,,,,
P0938*,,,,,,,,,
P0939*,,,,,,,,,
P0940*,,,,,,,,,
P0941*,,,,,,,,,
P0942*,,,,,,,,,
P0943*,,,,,,,,,
P0944*,,,,,,,,,
P0945*,,,,,,,,,
P0946*,,,,,,,,,
P0947*,,,,,,,,,
P0948*,,,,,,,,,
P0949*,,,,,,,,,
P0950*,,,,,,,,,
P0951*,,,,,,,,,
P0952*,,,,,,,,,
P0953*,,,,,,,,,
P0954*,,,,,,,,,
P0955*,,,,,,,,,
P0956*,,,,,,,,,
P0957*,,,,,,,,,
P0958*,,,,,,,,,
P0959*,,,,,,,,,
P0960*,,,,,,,,,
P0961*,,,,,,,,,
P0962*,,,,,,,,,
P0963*,,,,,,,,,
P0964*,,,,,,,,,
P0965*,,,,,,,,,
P0966*,,,,,,,,,
P0967*,,,,,,,,,
P0968*,,,,,,,,,
P0969*,,,,,,,,,
P0970*,,,,,,,,,
P0971*,,,,,,,,,
P0972*,,,,,,,,,
P0973*,,,,,,,,,
P0974*,,,,,,,,,
P0975*,,,,,,,,,
P0976*,,,,,,,,,
P0977*,,,,,,,,,
P0978*,,,,,,,,,
P0979*,,,,,,,,,
P0980*,,,,,,,,,
P0981*,,,,,,,,,
P0982*,,,,,,,,,
P0983*,,,,,,,,,
P0984*,,,,,,,,,
P0985*,,,,,,,,,
P0986*,,,,,,,,,
P0987*,,,,,,,,,
P0988*,,,,,,,,,
P0989*,,,,,,,,,
P0990*,,,,,,,,,
P0991*,,,,,,,,,
P0992*,,,,,,,,,
P0993*,,,,,,,,,
P0994*,,,,,,,,,
P0995*,,,,,,,,,
P0996*,,,,,,,,,
P0997*,,,,,,,,,
P0998*,,,,,,,,,
P0999*,,,,,,,,,
P1000*,,,,,,,,,
P1001*,,,,,,,,,
P1002*,,,,,,,,,
P1003*,,,,,,,,,
P1004*,,,,,,,,,
P1005*,,,,,,,,,
P1006*,,,,,,,,,
P1007*,,,,,,,,,
P1008*,,,,,,,,,
P1009*,,,,,,,,,
P1010*,,,,,,,,,
P1011*,,,,,,,,,
P1012*,,,,,,,,,
P1013*,,,,,,,,,
P1014*,,,,,,,,,
P1015*,,,,,,,,,
P1016*,,,,,,,,,
P1017*,,,,,,,,,
P1018*,,,,,,,,,
P1019*,,,,,,,,,
P1020*,,,,,,,,,
P1021*,,,,,,,,,
P1022*,,,,,,,,,
P1023*,,,,,,,,,
P1024*,,,,,,,,,
P1025*,,,,,,,,,
P1026*,,,,,,,,,
P1027*,,,,,,,,,
P1028*,,,,,,,,,
P1029*,,,,,,,,,
P1030*,,,,,,,,,
P1031*,,,,,,,,,
P1032*,,,,,,,,,
P1033*,,,,,,,,,
P1034*,,,,,,,,,
P1035*,,,,,,,,,
P1036*,,,,,,,,,
P1037*,,,,,,,,,
P1038*,,,,,,,,,
P1039*,,,,,,,,,
P1040*,,,,,,,,,
P1041*,,,,,,,,,
P1042*,,,,,,,,,
P1043*,,,,,,,,,
P1044*,,,,,,,,,
P1045*,,,,,,,,,
P1046*,,,,,,,,,
P1047*,,,,,,,,,
P1048*,,,,,,,,,
P1049*,,,,,,,,,
P1050*,,,,,,,,,
P1051*,,,,,,,,,
P1052*,,,,,,,,,
P1053*,,,,,,,,,
P1054*,,,,,,,,,
P1055*,,,,,,,,,
P1056*,,,,,,,,,
P1057*,,,,,,,,,
P1058*,,,,,,,,,
P1059*,,,,,,,,,
P1060*,,,,,,,,,
P1061*,,,,,,,,,
P1062*,,,,,,,,,
P1063*,,,,,,,,,
P1064*,,,,,,,,,
P1065*,,,,,,,,,
P1066*,,,,,,,,,
P1067*,,,,,,,,,
P1068*,,,,,,,,,
P1069*,,,,,,,,,
P1070*,,,,,,,,,
P1071*,,,,,,,,,
P1072*,,,,,,,,,
P1073*,,,,,,,,,
P1074*,,,,,,,,,
P1075*,,,,,,,,,
P1076*,,,,,,,,,
P1077*,,,,,,,,,
P1078*,,,,,,,,,
P1079*,,,,,,,,,
P1080*,,,,,,,,,
P1081*,,,,,,,,,
P1082*,,,,,,,,,
P1083*,,,,,,,,,
P1084*,,,,,,,,,
P1085*,,,,,,,,,
P1086*,,,,,,,,,
P1087*,,,,,,,,,
P1088*,,,,,,,,,
P1089*,,,,,,,,,
P1090*,,,,,,,,,
P1091*,,,,,,,,,
P1092*,,,,,,,,,
P1093*,,,,,,,,,
P1094*,,,,,,,,,
P1095*,,,,,,,,,
P1096*,,,,,,,,,
P1097*,,,,,,,,,
P1098*,,,,,,,,,
P1099*,,,,,,,,,
P1100*,,,,,,,,,
P1101*,,,,,,,,,
P1102*,,,,,,,,,
P1103*,,,,,,,,,
P1104*,,,,,,,,,
P1105*,,,,,,,,,
P1106*,,,,,,,,,
P1107*,,,,,,,,,
P1108*,,,,,,,,,
P1109*,,,,,,,,,
P1110*,,,,,,,,,
P1111*,,,,,,,,,
P1112*,,,,,,,,,
P1113*,,,,,,,,,
P1114*,,,,,,,,,
P1115*,,,,,,,,,
P1116*,,,,,,,,,
P1117*,,,,,,,,,
P1118*,,,,,,,,,
P1119*,,,,,,,,,
P1120*,,,,,,,,,
P1121*,,,,,,,,,
P1122*,,,,,,,,,
P1123*,,,,,,,,,
P1124*,,,,,,,,,
P1125*,,,,,,,,,
P1126*,,,,,,,,,
P1127*,,,,,,,,,
P1128*,,,,,,,,,
P1129*,,,,,,,,,
P1130*,,,,,,,,,
P1131*,,,,,,,,,
P1132*,,,,,,,,,
P1133*,,,,,,,,,
P1134*,,,,,,,,,
P1135*,,,,,,,,,
P1136*,,,,,,,,,
P1137*,,,,,,,,,
P1138*,,,,,,,,,
P1139*,,,,,,,,,
P1140*,,,,,,,,,
P1141*,,,,,,,,,
P1142*,,,,,,,,,
P1143*,,,,,,,,,
P1144*,,,,,,,,,
P1145*,,,,,,,,,
P1146*,,,,,,,,,
P1147*,,,,,,,,,
P1148*,,,,,,,,,
P1149*,,,,,,,,,
P1150*,,,,,,,,,
P1151*,,,,,,,,,
P1152*,,,,,,,,,
P1153*,,,,,,,,,
P1154*,,,,,,,,,
P1155*,,,,,,,,,
P1156*,,,,,,,,,
P1157*,,,,,,,,,
P1158*,,,,,,,,,
P1159*,,,,,,,,,
P1160*,,,,,,,,,
P1161*,,,,,,,,,
P1162*,,,,,,,,,
P1163*,,,,,,,,,
P1164*,,,,,,,,,
P1165*,,,,,,,,,
P1166*,,,,,,,,,
P1167*,,,,,,,,,
P1168*,,,,,,,,,
P1169*,,,,,,,,,
P1170*,,,,,,,,,
P1171*,,,,,,,,,
P1172*,,,,,,,,,
P1173*,,,,,,,,,
P1174*,,,,,,,,,
P1175*,,,,,,,,,
P1176*,,,,,,,,,
P1177*,,,,,,,,,
P1178*,,,,,,,,,
P1179*,,,,,,,,,
P1180*,,,,,,,,,
P1181*,,,,,,,,,
P1182*,,,,,,,,,
P1183*,,,,,,,,,
P1184*,,,,,,,,,
P1185*,,,,,,,,,
P1186*,,,,,,,,,
P1187*,,,,,,,,,
P1188*,,,,,,,,,
P1189*,,,,,,,,,
P1190*,,,,,,,,,
P1191*,,,,,,,,,
P1192*,,,,,,,,,
P1193*,,,,,,,,,
P1194*,,,,,,,,,
P1195*,,,,,,,,,
P1196*,,,,,,,,,
P1197*,,,,,,,,,
P1198*,,,,,,,,,
P1199*,,,,,,,,,
P1200*,,,,,,,,,
P1201*,,,,,,,,,
P1202*,,,,,,,,,
P1203*,,,,,,,,,
P1204*,,,,,,,,,
P1205*,,,,,,,,,
P1206*,,,,,,,,,
P1207*,,,,,,,,,
P1208*,,,,,,,,,
P1209*,,,,,,,,,
P1210*,,,,,,,,,
P1211*,,,,,,,,,
P1212*,,,,,,,,,
P1213*,,,,,,,,,
P1214*,,,,,,,,,
P1215*,,,,,,,,,
P1216*,,,,,,,,,
P1217*,,,,,,,,,
P1218*,,,,,,,,,
P1219*,,,,,,,,,
P1220*,,,,,,,,,
P1221*,,,,,,,,,
P1222*,,,,,,,,,
P1223*,,,,,,,,,
P1224*,,,,,,,,,
P1225*,,,,,,,,,
P1226*,,,,,,,,,
P1227*,,,,,,,,,
P1228*,,,,,,,,,
P1229*,,,,,,,,,
P1230*,,,,,,,,,
P1231*,,,,,,,,,
P1232*,,,,,,,,,
P1233*,,,,,,,,,
P1234*,,,,,,,,,
P1235*,,,,,,,,,
P1236*,,,,,,,,,
P1237*,,,,,,,,,
P1238*,,,,,,,,,
P1239*,,,,,,,,,
P1240*,,,,,,,,,
P1241*,,,,,,,,,
P1242*,,,,,,,,,
P1243*,,,,,,,,,
P1244*,,,,,,,,,
P1245*,,,,,,,,,
P1246*,,,,,,,,,
P1247*,,,,,,,,,
P1248*,,,,,,,,,
P1249*,,,,,,,,,
P1250*,,,,,,,,,
P1251*,,,,,,,,,
P1252*,,,,,,,,,
P1253*,,,,,,,,,
P1254*,,,,,,,,,
P1255*,,,,,,,,,
P1256*,,,,,,,,,
P1257*,,,,,,,,,
P1258*,,,,,,,,,
P1259*,,,,,,,,,
P1260*,,,,,,,,,
P1261*,,,,,,,,,
P1262*,,,,,,,,,
P1263*,,,,,,,,,
P1264*,,,,,,,,,
P1265*,,,,,,,,,
P1266*,,,,,,,,,
P1267*,,,,,,,,,
P1268*,,,,,,,,,
P1269*,,,,,,,,,
P1270*,,,,,,,,,
P1271*,,,,,,,,,
P1272*,,,,,,,,,
P1273*,,,,,,,,,
P1274*,,,,,,,,,
P1275*,,,,,,,,,
P1276*,,,,,,,,,
P1277*,,,,,,,,,
P1278*,,,,,,,,,
P1279*,,,,,,,,,
P1280*,,,,,,,,,
P1281*,,,,,,,,,
P1282*,,,,,,,,,
P1283*,,,,,,,,,
P1284*,,,,,,,,,
P1285*,,,,,,,,,
P1286*,,,,,,,,,
P1287*,,,,,,,,,
P1288*,,,,,,,,,
P1289*,,,,,,,,,
P1290*,,,,,,,,,
P1291*,,,,,,,,,
P1292*,,,,,,,,,
P1293*,,,,,,,,,
P1294*,,,,,,,,,
P1295*,,,,,,,,,
P1296*,,,,,,,,,
P1297*,,,,,,,,,
P1298*,,,,,,,,,
P1299*,,,,,,,,,
P1300*,,,,,,,,,
P1301*,,,,,,,,,
P1302*,,,,,,,,,
P1303*,,,,,,,,,
P1304*,,,,,,,,,
P1305*,,,,,,,,,
P1306*,,,,,,,,,
P1307*,,,,,,,,,
P1308*,,,,,,,,,
P1309*,,,,,,,,,
P1310*,,,,,,,,,
P1311*,,,,,,,,,
P1312*,,,,,,,,,
P1313*,,,,,,,,,
P1314*,,,,,,,,,
P1315*,,,,,,,,,
P1316*,,,,,,,,,
P1317*,,,,,,,,,
P1318*,,,,,,,,,
P1319*,,,,,,,,,
P1320*,,,,,,,,,
P1321*,,,,,,,,,
P1322*,,,,,,,,,
P1323*,,,,,,,,,
P1324*,,,,,,,,,
P1325*,,,,,,,,,
P1326*,,,,,,,,,
P1327*,,,,,,,,,
P1328*,,,,,,,,,
P1329*,,,,,,,,,
P1330*,,,,,,,,,
P1331*,,,,,,,,,
P1332*,,,,,,,,,
P1333*,,,,,,,,,
P1334*,,,,,,,,,
P1335*,,,,,,,,,
P1336*,,,,,,,,,
P1337*,,,,,,,,,
P1338*,,,,,,,,,
P1339*,,,,,,,,,
P1340*,,,,,,,,,
P1341*,,,,,,,,,
P1342*,,,,,,,,,
P1343*,,,,,,,,,
P1344*,,,,,,,,,
P1345*,,,,,,,,,
P1346*,,,,,,,,,
P1347*,,,,,,,,,
P1348*,,,,,,,,,
P1349*,,,,,,,,,
P1350*,,,,,,,,,
P1351*,,,,,,,,,
P1352*,,,,,,,,,
P1353*,,,,,,,,,
P1354*,,,,,,,,,
P1355*,,,,,,,,,
P1356*,,,,,,,,,
P1357*,,,,,,,,,
P1358*,,,,,,,,,
P1359*,,,,,,,,,
P1360*,,,,,,,,,
P1361*,,,,,,,,,
P1362*,,,,,,,,,
P1363*,,,,,,,,,
P1364*,,,,,,,,,
P1365*,,,,,,,,,
P1366*,,,,,,,,,
P1367*,,,,,,,,,
P1368*,,,,,,,,,
P1369*,,,,,,,,,
P1370*,,,,,,,,,
P1371*,,,,,,,,,
P1372*,,,,,,,,,
P1373*,,,,,,,,,
P1374*,,,,,,,,,
P1375*,,,,,,,,,
P1376*,,,,,,,,,
P1377*,,,,,,,,,
P1378*,,,,,,,,,
P1379*,,,,,,,,,
P1380*,,,,,,,,,
P1381*,,,,,,,,,
P1382*,,,,,,,,,
P1383*,,,,,,,,,
P1384*,,,,,,,,,
P1385*,,,,,,,,,
P1386*,,,,,,,,,
P1387*,,,,,,,,,
P1388*,,,,,,,,,
P1389*,,,,,,,,,
P1390*,,,,,,,,,
P1391*,,,,,,,,,
P1392*,,,,,,,,,
P1393*,,,,,,,,,
P1394*,,,,,,,,,
P1395*,,,,,,,,,
P1396*,,,,,,,,,
P1397*,,,,,,,,,
P1398*,,,,,,,,,
P1399*,,,,,,,,,
P1400*,,,,,,,,,
P1401*,,,,,,,,,
P1402*,,,,,,,,,
P1403*,,,,,,,,,
P1404*,,,,,,,,,
P1405*,,,,,,,,,
P1406*,,,,,,,,,
P1407*,,,,,,,,,
P1408*,,,,,,,,,
P1409*,,,,,,,,,
P1410*,,,,,,,,,
P1411*,,,,,,,,,
P1412*,,,,,,,,,
P1413*,,,,,,,,,
P1414*,,,,,,,,,
P1415*,,,,,,,,,
P1416*,,,,,,,,,
P1417*,,,,,,,,,
P1418*,,,,,,,,,
P1419*,,,,,,,,,
P1420*,,,,,,,,,
P1421*,,,,,,,,,
P1422*,,,,,,,,,
P1423*,,,,,,,,,
P1424*,,,,,,,,,
P1425*,,,,,,,,,
P1426*,,,,,,,,,
P1427*,,,,,,,,,
P1428*,,,,,,,,,
P1429*,,,,,,,,,
P1430*,,,,,,,,,
P1431*,,,,,,,,,
P1432*,,,,,,,,,
P1433*,,,,,,,,,
P1434*,,,,,,,,,
P1435*,,,,,,,,,
P1436*,,,,,,,,,
P1437*,,,,,,,,,
P1438*,,,,,,,,,
P1439*,,,,,,,,,
P1440*,,,,,,,,,
P1441*,,,,,,,,,
P1442*,,,,,,,,,
P1443*,,,,,,,,,
P1444*,,,,,,,,,
P1445*,,,,,,,,,
P1446*,,,,,,,,,
P1447*,,,,,,,,,
P1448*,,,,,,,,,
P1449*,,,,,,,,,
P1450*,,,,,,,,,
P1451*,,,,,,,,,
P1452*,,,,,,,,,
P1453*,,,,,,,,,
P1454*,,,,,,,,,
P1455*,,,,,,,,,
P1456*,,,,,,,,,
P1457*,,,,,,,,,
P1458*,,,,,,,,,
P1459*,,,,,,,,,
P1460*,,,,,,,,,
P1461*,,,,,,,,,
P1462*,,,,,,,,,
P1463*,,,,,,,,,
P1464*,,,,,,,,,
P1465*,,,,,,,,,
P1466*,,,,,,,,,
P1467*,,,,,,,,,
P1468*,,,,,,,,,
P1469*,,,,,,,,,
P1470*,,,,,,,,,
P1471*,,,,,,,,,
P1472*,,,,,,,,,
P1473*,,,,,,,,,
P1474*,,,,,,,,,
P1475*,,,,,,,,,
P1476*,,,,,,,,,
P1477*,,,,,,,,,
P1478*,,,,,,,,,
P1479*,,,,,,,,,
P1480*,,,,,,,,,
P1481*,,,,,,,,,
P1482*,,,,,,,,,
P1483*,,,,,,,,,
P1484*,,,,,,,,,
P1485*,,,,,,,,,
P1486*,,,,,,,,,
P1487*,,,,,,,,,
P1488*,,,,,,,,,
P1489*,,,,,,,,,
P1490*,,,,,,,,,
P1491*,,,,,,,,,
P1492*,,,,,,,,,
P1493*,,,,,,,,,
P1494*,,,,,,,,,
P1495*,,,,,,,,,
P1496*,,,,,,,,,
P1497*,,,,,,,,,
P1498*,,,,,,,,,
P1499*,,,,,,,,,
P1500*,,,,,,,,,
P1501*,,,,,,,,,
P1502*,,,,,,,,,
P1503*,,,,,,,,,
P1504*,,,,,,,,,
P1505*,,,,,,,,,
P1506*,,,,,,,,,
P1507*,,,,,,,,,
P1508*,,,,,,,,,
P1509*,,,,,,,,,
P1510*,,,,,,,,,
P1511*,,,,,,,,,
P1512*,,,,,,,,,
P1513*,,,,,,,,,
P1514*,,,,,,,,,
P1515*,,,,,,,,,
P1516*,,,,,,,,,
P1517*,,,,,,,,,
P1518*,,,,,,,,,
P1519*,,,,,,,,,
P1520*,,,,,,,,,
P1521*,,,,,,,,,
P1522*,,,,,,,,,
P1523*,,,,,,,,,
P1524*,,,,,,,,,
P1525*,,,,,,,,,
P1526*,,,,,,,,,
P1527*,,,,,,,,,
P1528*,,,,,,,,,
P1529*,,,,,,,,,
P1530*,,,,,,,,,
P1531*,,,,,,,,,
P1532*,,,,,,,,,
P1533*,,,,,,,,,
P1534*,,,,,,,,,
P1535*,,,,,,,,,
P1536*,,,,,,,,,
P1537*,,,,,,,,,
P1538*,,,,,,,,,
P1539*,,,,,,,,,
P1540*,,,,,,,,,
P1541*,,,,,,,,,
P1542*,,,,,,,,,
P1543*,,,,,,,,,
P1544*,,,,,,,,,
P1545*,,,,,,,,,
P1546*,,,,,,,,,
P1547*,,,,,,,,,
P1548*,,,,,,,,,
P1549*,,,,,,,,,
P1550*,,,,,,,,,
P1551*,,,,,,,,,
P1552*,,,,,,,,,
P1553*,,,,,,,,,
P1554*,,,,,,,,,
P1555*,,,,,,,,,
P1556*,,,,,,,,,
P1557*,,,,,,,,,
P1558*,,,,,,,,,
P1559*,,,,,,,,,
P1560*,,,,,,,,,
P1561*,,,,,,,,,
P1562*,,,,,,,,,
P1563*,,,,,,,,,
P1564*,,,,,,,,,
P1565*,,,,,,,,,
P1566*,,,,,,,,,
P1567*,,,,,,,,,
P1568*,,,,,,,,,
P1569*,,,,,,,,,
P1570*,,,,,,,,,
P1571*,,,,,,,,,
P1572*,,,,,,,,,
P1573*,,,,,,,,,
P1574*,,,,,,,,,
P1575*,,,,,,,,,
P1576*,,,,,,,,,
P1577*,,,,,,,,,
P1578*,,,,,,,,,
P1579*,,,,,,,,,
P1580*,,,,,,,,,
P1581*,,,,,,,,,
P1582*,,,,,,,,,
P1583*,,,,,,,,,
P1584*,,,,,,,,,
P1585*,,,,,,,,,
P1586*,,,,,,,,,
P1587*,,,,,,,,,
P1588*,,,,,,,,,
P1589*,,,,,,,,,
P1590*,,,,,,,,,
P1591*,,,,,,,,,
P1592*,,,,,,,,,
P1593*,,,,,,,,,
P1594*,,,,,,,,,
P1595*,,,,,,,,,
P1596*,,,,,,,,,
P1597*,,,,,,,,,
P1598*,,,,,,,,,
P1599*,,,,,,,,,
P1600*,,,,,,,,,
P1601*,,,,,,,,,
P1602*,,,,,,,,,
P1603*,,,,,,,,,
P1604*,,,,,,,,,
P1605*,,,,,,,,,
P1606*,,,,,,,,,
P1607*,,,,,,,,,
P1608*,,,,,,,,,
P1609*,,,,,,,,,
P1610*,,,,,,,,,
P1611*,,,,,,,,,
P1612*,,,,,,,,,
P1613*,,,,,,,,,
P1614*,,,,,,,,,
P1615*,,,,,,,,,
P1616*,,,,,,,,,
P1617*,,,,,,,,,
P1618*,,,,,,,,,
P1619*,,,,,,,,,
P1620*,,,,,,,,,
P1621*,,,,,,,,,
P1622*,,,,,,,,,
P1623*,,,,,,,,,
P1624*,,,,,,,,,
P1625*,,,,,,,,,
P1626*,,,,,,,,,
P1627*,,,,,,,,,
P1628*,,,,,,,,,
P1629*,,,,,,,,,
P1630*,,,,,,,,,
P1631*,,,,,,,,,
P1632*,,,,,,,,,
P1633*,,,,,,,,,
P1634*,,,,,,,,,
P1635*,,,,,,,,,
P1636*,,,,,,,,,
P1637*,,,,,,,,,
P1638*,,,,,,,,,
P1639*,,,,,,,,,
P1640*,,,,,,,,,
P1641*,,,,,,,,,
P1642*,,,,,,,,,
P1643*,,,,,,,,,
P1644*,,,,,,,,,
P1645*,,,,,,,,,
P1646*,,,,,,,,,
P1647*,,,,,,,,,
P1648*,,,,,,,,,
P1649*,,,,,,,,,
P1650*,,,,,,,,,
P1651*,,,,,,,,,
P1652*,,,,,,,,,
P1653*,,,,,,,,,
P1654*,,,,,,,,,
P1655*,,,,,,,,,
P1656*,,,,,,,,,
P1657*,,,,,,,,,
P1658*,,,,,,,,,
P1659*,,,,,,,,,
P1660*,,,,,,,,,
P1661*,,,,,,,,,
P1662*,,,,,,,,,
P1663*,,,,,,,,,
P1664*,,,,,,,,,
P1665*,,,,,,,,,
P1666*,,,,,,,,,
P1667*,,,,,,,,,
P1668*,,,,,,,,,
P1669*,,,,,,,,,
P1670*,,,,,,,,,
P1671*,,,,,,,,,
P1672*,,,,,,,,,
P1673*,,,,,,,,,
P1674*,,,,,,,,,
P1675*,,,,,,,,,
P1676*,,,,,,,,,
P1677*,,,,,,,,,
P1678*,,,,,,,,,
P1679*,,,,,,,,,
P1680*,,,,,,,,,
P1681*,,,,,,,,,
P1682*,,,,,,,,,
P1683*,,,,,,,,,
P1684*,,,,,,,,,
P1685*,,,,,,,,,
P1686*,,,,,,,,,
P1687*,,,,,,,,,
P1688*,,,,,,,,,
P1689*,,,,,,,,,
P1690*,,,,,,,,,
P1691*,,,,,,,,,
P1692*,,,,,,,,,
P1693*,,,,,,,,,
P1694*,,,,,,,,,
P1695*,,,,,,,,,
P1696*,,,,,,,,,
P1697*,,,,,,,,,
P1698*,,,,,,,,,
P1699*,,,,,,,,,
P1700*,,,,,,,,,
P1701*,,,,,,,,,
P1702*,,,,,,,,,
P1703*,,,,,,,,,
P1704*,,,,,,,,,
P1705*,,,,,,,,,
P1706*,,,,,,,,,
P1707*,,,,,,,,,
P1708*,,,,,,,,,
P1709*,,,,,,,,,
P1710*,,,,,,,,,
P1711*,,,,,,,,,
P1712*,,,,,,,,,
P1713*,,,,,,,,,
P1714*,,,,,,,,,
P1715*,,,,,,,,,
P1716*,,,,,,,,,
P1717*,,,,,,,,,
P1718*,,,,,,,,,
P1719*,,,,,,,,,
P1720*,,,,,,,,,
P1721*,,,,,,,,,
P1722*,,,,,,,,,
P1723*,,,,,,,,,
P1724*,,,,,,,,,
P1725*,,,,,,,,,
P1726*,,,,,,,,,
P1727*,,,,,,,,,
P1728*,,,,,,,,,
P1729*,,,,,,,,,
P1730*,,,,,,,,,
P1731*,,,,,,,,,
P1732*,,,,,,,,,
P1733*,,,,,,,,,
P1734*,,,,,,,,,
P1735*,,,,,,,,,
P1736*,,,,,,,,,
P1737*,,,,,,,,,
P1738*,,,,,,,,,
P1739*,,,,,,,,,
P1740*,,,,,,,,,
P1741*,,,,,,,,,
P1742*,,,,,,,,,
P1743*,,,,,,,,,
P1744*,,,,,,,,,
P1745*,,,,,,,,,
P1746*,,,,,,,,,
P1747*,,,,,,,,,
P1748*,,,,,,,,,
P1749*,,,,,,,,,
P1750*,,,,,,,,,
P1751*,,,,,,,,,
P1752*,,,,,,,,,
P1753*,,,,,,,,,
P1754*,,,,,,,,,
P1755*,,,,,,,,,
P1756*,,,,,,,,,
P1757*,,,,,,,,,
P1758*,,,,,,,,,
P1759*,,,,,,,,,
P1760*,,,,,,,,,
P1761*,,,,,,,,,
P1762*,,,,,,,,,
P1763*,,,,,,,,,
P1764*,,,,,,,,,
P1765*,,,,,,,,,
P1766*,,,,,,,,,
P1767*,,,,,,,,,
P1768*,,,,,,,,,
P1769*,,,,,,,,,
P1770*,,,,,,,,,
P1771*,,,,,,,,,
P1772*,,,,,,,,,
P1773*,,,,,,,,,
P1774*,,,,,,,,,
P1775*,,,,,,,,,
P1776*,,,,,,,,,
P1777*,,,,,,,,,
P1778*,,,,,,,,,
P1779*,,,,,,,,,
P1780*,,,,,,,,,
P1781*,,,,,,,,,
P1782*,,,,,,,,,
P1783*,,,,,,,,,
P1784*,,,,,,,,,
P1785*,,,,,,,,,
P1786*,,,,,,,,,
P1787*,,,,,,,,,
P1788*,,,,,,,,,
P1789*,,,,,,,,,
P1790*,,,,,,,,,
P1791*,,,,,,,,,
P1792*,,,,,,,,,
P1793*,,,,,,,,,
P1794*,,,,,,,,,
P1795*,,,,,,,,,
P1796*,,,,,,,,,
P1797*,,,,,,,,,
P1798*,,,,,,,,,
P1799*,,,,,,,,,
P1800*,,,,,,,,,
P1801*,,,,,,,,,
P1802*,,,,,,,,,
P1803*,,,,,,,,,
P1804*,,,,,,,,,
P1805*,,,,,,,,,
P1806*,,,,,,,,,
P1807*,,,,,,,,,
P1808*,,,,,,,,,
P1809*,,,,,,,,,
P1810*,,,,,,,,,
P1811*,,,,,,,,,
P1812*,,,,,,,,,
P1813*,,,,,,,,,
P1814*,,,,,,,,,
P1815*,,,,,,,,,
P1816*,,,,,,,,,
P1817*,,,,,,,,,
P1818*,,,,,,,,,
P1819*,,,,,,,,,
P1820*,,,,,,,,,
P1821*,,,,,,,,,
P1822*,,,,,,,,,
P1823*,,,,,,,,,
P1824*,,,,,,,,,
P1825*,,,,,,,,,
P1826*,,,,,,,,,
P1827*,,,,,,,,,
P1828*,,,,,,,,,
P1829*,,,,,,,,,
P1830*,,,,,,,,,
P1831*,,,,,,,,,
P1832*,,,,,,,,,
P1833*,,,,,,,,,
P1834*,,,,,,,,,
P1835*,,,,,,,,,
P1836*,,,,,,,,,
P1837*,,,,,,,,,
P1838*,,,,,,,,,
P1839*,,,,,,,,,
P1840*,,,,,,,,,
P1841*,,,,,,,,,
P1842*,,,,,,,,,
P1843*,,,,,,,,,
P1844*,,,,,,,,,
P1845*,,,,,,,,,
P1846*,,,,,,,,,
P1847*,,,,,,,,,
P1848*,,,,,,,,,
P1849*,,,,,,,,,
P1850*,,,,,,,,,
P1851*,,,,,,,,,
P1852*,,,,,,,,,
P1853*,,,,,,,,,
P1854*,,,,,,,,,
P1855*,,,,,,,,,
P1856*,,,,,,,,,
P1857*,,,,,,,,,
P1858*,,,,,,,,,
P1859*,,,,,,,,,
P1860*,,,,,,,,,
P1861*,,,,,,,,,
P1862*,,,,,,,,,
P1863*,,,,,,,,,
P1864*,,,,,,,,,
P1865*,,,,,,,,,
P1866*,,,,,,,,,
P1867*,,,,,,,,,
P1868*,,,,,,,,,
P1869*,,,,,,,,,
P1870*,,,,,,,,,
P1871*,,,,,,,,,
P1872*,,,,,,,,,
P1873*,,,,,,,,,
P1874*,,,,,,,,,
P1875*,,,,,,,,,
P1876*,,,,,,,,,
P1877*,,,,,,,,,
P1878*,,,,,,,,,
P1879*,,,,,,,,,
P1880*,,,,,,,,,
P1881*,,,,,,,,,
P1882*,,,,,,,,,
P1883*,,,,,,,,,
P1884*,,,,,,,,,
P1885*,,,,,,,,,
P1886*,,,,,,,,,
P1887*,,,,,,,,,
P1888*,,,,,,,,,
P1889*,,,,,,,,,
P1890*,,,,,,,,,
P1891*,,,,,,,,,
P1892*,,,,,,,,,
P1893*,,,,,,,,,
P1894*,,,,,,,,,
P1895*,,,,,,,,,
P1896*,,,,,,,,,
P1897*,,,,,,,,,
P1898*,,,,,,,,,
P1899*,,,,,,,,,
P1900*,,,,,,,,,
P1901*,,,,,,,,,
P1902*,,,,,,,,,
P1903*,,,,,,,,,
P1904*,,,,,,,,,
P1905*,,,,,,,,,
P1906*,,,,,,,,,
P1907*,,,,,,,,,
P1908*,,,,,,,,,
P1909*,,,,,,,,,
P1910*,,,,,,,,,
P1911*,,,,,,,,,
P1912*,,,,,,,,,
P1913*,,,,,,,,,
P1914*,,,,,,,,,
P1915*,,,,,,,,,
P1916*,,,,,,,,,
P1917*,,,,,,,,,
P1918*,,,,,,,,,
P1919*,,,,,,,,,
P1920*,,,,,,,,,
P1921*,,,,,,,,,
P1922*,,,,,,,,,
P1923*,,,,,,,,,
P1924*,,,,,,,,,
P1925*,,,,,,,,,
P1926*,,,,,,,,,
P1927*,,,,,,,,,
P1928*,,,,,,,,,
P1929*,,,,,,,,,
P1930*,,,,,,,,,
P1931*,,,,,,,,,
P1932*,,,,,,,,,
P1933*,,,,,,,,,
P1934*,,,,,,,,,
P1935*,,,,,,,,,
P1936*,,,,,,,,,
P1937*,,,,,,,,,
P1938*,,,,,,,,,
P1939*,,,,,,,,,
P1940*,,,,,,,,,
P1941*,,,,,,,,,
P1942*,,,,,,,,,
P1943*,,,,,,,,,
P1944*,,,,,,,,,
P1945*,,,,,,,,,
P1946*,,,,,,,,,
P1947*,,,,,,,,,
P1948*,,,,,,,,,
P1949*,,,,,,,,,
P1950*,,,,,,,,,
P1951*,,,,,,,,,
P1952*,,,,,,,,,
P1953*,,,,,,,,,
P1954*,,,,,,,,,
P1955*,,,,,,,,,
P1956*,,,,,,,,,
P1957*,,,,,,,,,
P1958*,,,,,,,,,
P1959*,,,,,,,,,
P1960*,,,,,,,,,
P1961*,,,,,,,,,
P1962*,,,,,,,,,
P1963*,,,,,,,,,
P1964*,,,,,,,,,
P1965*,,,,,,,,,
P1966*,,,,,,,,,
P1967*,,,,,,,,,
P1968*,,,,,,,,,
P1969*,,,,,,,,,
P1970*,,,,,,,,,
P1971*,,,,,,,,,
P1972*,,,,,,,,,
P1973*,,,,,,,,,
P1974*,,,,,,,,,
P1975*,,,,,,,,,
P1976*,,,,,,,,,
P1977*,,,,,,,,,
P1978*,,,,,,,,,
P1979*,,,,,,,,,
P1980*,,,,,,,,,
P1981*,,,,,,,,,
P1982*,,,,,,,,,
P1983*,,,,,,,,,
P1984*,,,,,,,,,
P1985*,,,,,,,,,
P1986*,,,,,,,,,
P1987*,,,,,,,,,
P1988*,,,,,,,,,
P1989*,,,,,,,,,
P1990*,,,,,,,,,
P1991*,,,,,,,,,
P1992*,,,,,,,,,
P1993*,,,,,,,,,
P1994*,,,,,,,,,
P1995*,,,,,,,,,
P1996*,,,,,,,,,
P1997*,,,,,,,,,
P1998*,,,,,,,,,
P1999*,,,,,,,,,
P2000*,,,,,,,,,
P2001*,,,,,,,,,
P2002*,,,,,,,,,
P2003*,,,,,,,,,
P2004*,,,,,,,,,
P2005*,,,,,,,,,
P2006*,,,,,,,,,
P2007*,,,,,,,,,
P2008*,,,,,,,,,
P2009*,,,,,,,,,
P2010*,,,,,,,,,
P2011*,,,,,,,,,
P2012*,,,,,,,,,
P2013*,,,,,,,,,
P2014*,,,,,,,,,
P2015*,,,,,,,,,
P2016*,,,,,,,,,
P2017*,,,,,,,,,
P2018*,,,,,,,,,
P2019*,,,,,,,,,
P2020*,,,,,,,,,
P2021*,,,,,,,,,
P2022*,,,,,,,,,
P2023*,,,,,,,,,
P2024*,,,,,,,,,
P2025*,,,,,,,,,
P2026*,,,,,,,,,
P2027*,,,,,,,,,
P2028*,,,,,,,,,
P2029*,,,,,,,,,
P2030*,,,,,,,,,
P2031*,,,,,,,,,
P2032*,,,,,,,,,
P2033*,,,,,,,,,
P2034*,,,,,,,,,
P2035*,,,,,,,,,
P2036*,,,,,,,,,
P2037*,,,,,,,,,
P2038*,,,,,,,,,
P2039*,,,,,,,,,
P2040*,,,,,,,,,
P2041*,,,,,,,,,
P2042*,,,,,,,,,
P2043*,,,,,,,,,
P2044*,,,,,,,,,
P2045*,,,,,,,,,
P2046*,,,,,,,,,
P2047*,,,,,,,,,
P2048*,,,,,,,,,
P2049*,,,,,,,,,
P2050*,,,,,,,,,
P2051*,,,,,,,,,
P2052*,,,,,,,,,
P2053*,,,,,,,,,
P2054*,,,,,,,,,
P2055*,,,,,,,,,
P2056*,,,,,,,,,
P2057*,,,,,,,,,
P2058*,,,,,,,,,
P2059*,,,,,,,,,
P2060*,,,,,,,,,
P2061*,,,,,,,,,
P2062*,,,,,,,,,
P2063*,,,,,,,,,
P2064*,,,,,,,,,
P2065*,,,,,,,,,
P2066*,,,,,,,,,
P2067*,,,,,,,,,
P2068*,,,,,,,,,
P2069*,,,,,,,,,
P2070*,,,,,,,,,
P2071*,,,,,,,,,
P2072*,,,,,,,,,
P2073*,,,,,,,,,
P2074*,,,,,,,,,
P2075*,,,,,,,,,
P2076*,,,,,,,,,
P2077*,,,,,,,,,
P2078*,,,,,,,,,
P2079*,,,,,,,,,
P2080*,,,,,,,,,
P2081*,,,,,,,,,
P2082*,,,,,,,,,
P2083*,,,,,,,,,
P2084*,,,,,,,,,
P2085*,,,,,,,,,
P2086*,,,,,,,,,
P2087*,,,,,,,,,
P2088*,,,,,,,,,
P2089*,,,,,,,,,
P2090*,,,,,,,,,
P2091*,,,,,,,,,
P2092*,,,,,,,,,
P2093*,,,,,,,,,
P2094*,,,,,,,,,
P2095*,,,,,,,,,
P2096*,,,,,,,,,
P2097*,,,,,,,,,
P2098*,,,,,,,,,
P2099*,,,,,,,,,
P2100*,,,,,,,,,
P2101*,,,,,,,,,
P2102*,,,,,,,,,
P2103*,,,,,,,,,
P2104*,,,,,,,,,
P2105*,,,,,,,,,
P2106*,,,,,,,,,
P2107*,,,,,,,,,
P2108*,,,,,,,,,
P2109*,,,,,,,,,
P2110*,,,,,,,,,
P2111*,,,,,,,,,
P2112*,,,,,,,,,
P2113*,,,,,,,,,
P2114*,,,,,,,,,
P2115*,,,,,,,,,
P2116*,,,,,,,,,
P2117*,,,,,,,,,
P2118*,,,,,,,,,
P2119*,,,,,,,,,
P2120*,,,,,,,,,
P2121*,,,,,,,,,
P2122*,,,,,,,,,
P2123*,,,,,,,,,
P2124*,,,,,,,,,
P2125*,,,,,,,,,
P2126*,,,,,,,,,
P2127*,,,,,,,,,
P2128*,,,,,,,,,
P2129*,,,,,,,,,
P2130*,,,,,,,,,
P2131*,,,,,,,,,
P2132*,,,,,,,,,
P2133*,,,,,,,,,
P2134*,,,,,,,,,
P2135*,,,,,,,,,
P2136*,,,,,,,,,
P2137*,,,,,,,,,
P2138*,,,,,,,,,
P2139*,,,,,,,,,
P2140*,,,,,,,,,
P2141*,,,,,,,,,
P2142*,,,,,,,,,
P2143*,,,,,,,,,
P2144*,,,,,,,,,
P2145*,,,,,,,,,
P2146*,,,,,,,,,
P2147*,,,,,,,,,
P2148*,,,,,,,,,
P2149*,,,,,,,,,
P2150*,,,,,,,,,
P2151*,,,,,,,,,
P2152*,,,,,,,,,
P2153*,,,,,,,,,
P2154*,,,,,,,,,
P2155*,,,,,,,,,
P2156*,,,,,,,,,
P2157*,,,,,,,,,
P2158*,,,,,,,,,
P2159*,,,,,,,,,
P2160*,,,,,,,,,
P2161*,,,,,,,,,
P2162*,,,,,,,,,
P2163*,,,,,,,,,
P2164*,,,,,,,,,
P2165*,,,,,,,,,
P2166*,,,,,,,,,
P2167*,,,,,,,,,
P2168*,,,,,,,,,
P2169*,,,,,,,,,
P2170*,,,,,,,,,
P2171*,,,,,,,,,
P2172*,,,,,,,,,
P2173*,,,,,,,,,
P2174*,,,,,,,,,
P2175*,,,,,,,,,
P2176*,,,,,,,,,
P2177*,,,,,,,,,
P2178*,,,,,,,,,
P2179*,,,,,,,,,
P2180*,,,,,,,,,
P2181*,,,,,,,,,
P2182*,,,,,,,,,
P2183*,,,,,,,,,
P2184*,,,,,,,,,
P2185*,,,,,,,,,
P2186*,,,,,,,,,
P2187*,,,,,,,,,
P2188*,,,,,,,,,
P2189*,,,,,,,,,
P2190*,,,,,,,,,
P2191*,,,,,,,,,
P2192*,,,,,,,,,
P2193*,,,,,,,,,
P2194*,,,,,,,,,
P2195*,,,,,,,,,
P2196*,,,,,,,,,
P2197*,,,,,,,,,
P2198*,,,,,,,,,
P2199*,,,,,,,,,
P2200*,,,,,,,,,
P2201*,,,,,,,,,
P2202*,,,,,,,,,
P2203*,,,,,,,,,
P2204*,,,,,,,,,
P2205*,,,,,,,,,
P2206*,,,,,,,,,
P2207*,,,,,,,,,
P2208*,,,,,,,,,
P2209*,,,,,,,,,
P2210*,,,,,,,,,
P2211*,,,,,,,,,
P2212*,,,,,,,,,
P2213*,,,,,,,,,
P2214*,,,,,,,,,
P2215*,,,,,,,,,
P2216*,,,,,,,,,
P2217*,,,,,,,,,
P2218*,,,,,,,,,
P2219*,,,,,,,,,
P2220*,,,,,,,,,
P2221*,,,,,,,,,
P2222*,,,,,,,,,
P2223*,,,,,,,,,
P2224*,,,,,,,,,
P2225*,,,,,,,,,
P2226*,,,,,,,,,
P2227*,,,,,,,,,
P2228*,,,,,,,,,
P2229*,,,,,,,,,
P2230*,,,,,,,,,
P2231*,,,,,,,,,
P2232*,,,,,,,,,
P2233*,,,,,,,,,
P2234*,,,,,,,,,
P2235*,,,,,,,,,
P2236*,,,,,,,,,
P2237*,,,,,,,,,
P2238*,,,,,,,,,
P2239*,,,,,,,,,
P2240*,,,,,,,,,
P2241*,,,,,,,,,
P2242*,,,,,,,,,
P2243*,,,,,,,,,
P2244*,,,,,,,,,
P2245*,,,,,,,,,
P2246*,,,,,,,,,
P2247*,,,,,,,,,
P2248*,,,,,,,,,
P2249*,,,,,,,,,
P2250*,,,,,,,,,
P2251*,,,,,,,,,
P2252*,,,,,,,,,
P2253*,,,,,,,,,
P2254*,,,,,,,,,
P2255*,,,,,,,,,
P2256*,,,,,,,,,
P2257*,,,,,,,,,
P2258*,,,,,,,,,
P2259*,,,,,,,,,
P2260*,,,,,,,,,
P2261*,,,,,,,,,
P2262*,,,,,,,,,
P2263*,,,,,,,,,
P2264*,,,,,,,,,
P2265*,,,,,,,,,
P2266*,,,,,,,,,
P2267*,,,,,,,,,
P2268*,,,,,,,,,
P2269*,,,,,,,,,
P2270*,,,,,,,,,
P2271*,,,,,,,,,
P2272*,,,,,,,,,
P2273*,,,,,,,,,
P2274*,,,,,,,,,
P2275*,,,,,,,,,
P2276*,,,,,,,,,
P2277*,,,,,,,,,
P2278*,,,,,,,,,
P2279*,,,,,,,,,
P2280*,,,,,,,,,
P2281*,,,,,,,,,
P2282*,,,,,,,,,
P2283*,,,,,,,,,
P2284*,,,,,,,,,
P2285*,,,,,,,,,
P2286*,,,,,,,,,
P2287*,,,,,,,,,
P2288*,,,,,,,,,
P2289*,,,,,,,,,
P2290*,,,,,,,,,
P2291*,,,,,,,,,
P2292*,,,,,,,,,
P2293*,,,,,,,,,
P2294*,,,,,,,,,
P2295*,,,,,,,,,
P2296*,,,,,,,,,
P2297*,,,,,,,,,
P2298*,,,,,,,,,
P2299*,,,,,,,,,
P2300*,,,,,,,,,
P2301*,,,,,,,,,
P2302*,,,,,,,,,
P2303*,,,,,,,,,
P2304*,,,,,,,,,
P2305*,,,,,,,,,
P2306*,,,,,,,,,
P2307*,,,,,,,,,
P2308*,,,,,,,,,
P2309*,,,,,,,,,
P2310*,,,,,,,,,
P2311*,,,,,,,,,
P2312*,,,,,,,,,
P2313*,,,,,,,,,
P2314*,,,,,,,,,
P2315*,,,,,,,,,
P2316*,,,,,,,,,
P2317*,,,,,,,,,
P2318*,,,,,,,,,
P2319*,,,,,,,,,
P2320*,,,,,,,,,
P2321*,,,,,,,,,
P2322*,,,,,,,,,
P2323*,,,,,,,,,
P2324*,,,,,,,,,
P2325*,,,,,,,,,
P2326*,,,,,,,,,
P2327*,,,,,,,,,
P2328*,,,,,,,,,
P2329*,,,,,,,,,
P2330*,,,,,,,,,
P2331*,,,,,,,,,
P2332*,,,,,,,,,
P2333*,,,,,,,,,
P2334*,,,,,,,,,
P2335*,,,,,,,,,
P2336*,,,,,,,,,
P2337*,,,,,,,,,
P2338*,,,,,,,,,
P2339*,,,,,,,,,
P2340*,,,,,,,,,
P2341*,,,,,,,,,
P2342*,,,,,,,,,
P2343*,,,,,,,,,
P2344*,,,,,,,,,
P2345*,,,,,,,,,
P2346*,,,,,,,,,
P2347*,,,,,,,,,
P2348*,,,,,,,,,
P2349*,,,,,,,,,
P2350*,,,,,,,,,
P2351*,,,,,,,,,
P2352*,,,,,,,,,
P2353*,,,,,,,,,
P2354*,,,,,,,,,
P2355*,,,,,,,,,
P2356*,,,,,,,,,
P2357*,,,,,,,,,
P2358*,,,,,,,,,
P2359*,,,,,,,,,
P2360*,,,,,,,,,
P2361*,,,,,,,,,
P2362*,,,,,,,,,
P2363*,,,,,,,,,
P2364*,,,,,,,,,
P2365*,,,,,,,,,
P2366*,,,,,,,,,
P2367*,,,,,,,,,
P2368*,,,,,,,,,
P2369*,,,,,,,,,
P2370*,,,,,,,,,
P2371*,,,,,,,,,
P2372*,,,,,,,,,
P2373*,,,,,,,,,
P2374*,,,,,,,,,
P2375*,,,,,,,,,
P2376*,,,,,,,,,
P2377*,,,,,,,,,
P2378*,,,,,,,,,
P2379*,,,,,,,,,
P2380*,,,,,,,,,
P2381*,,,,,,,,,
P2382*,,,,,,,,,
P2383*,,,,,,,,,
P2384*,,,,,,,,,
P2385*,,,,,,,,,
P2386*,,,,,,,,,
P2387*,,,,,,,,,
P2388*,,,,,,,,,
P2389*,,,,,,,,,
P2390*,,,,,,,,,
P2391*,,,,,,,,,
P2392*,,,,,,,,,
P2393*,,,,,,,,,
P2394*,,,,,,,,,
P2395*,,,,,,,,,
P2396*,,,,,,,,,
P2397*,,,,,,,,,
P2398*,,,,,,,,,
P2399*,,,,,,,,,
P2400*,,,,,,,,,
P2401*,,,,,,,,,
P2402*,,,,,,,,,
P2403*,,,,,,,,,
P2404*,,,,,,,,,
P2405*,,,,,,,,,
P2406*,,,,,,,,,
P2407*,,,,,,,,,
P2408*,,,,,,,,,
P2409*,,,,,,,,,
P2410*,,,,,,,,,
P2411*,,,,,,,,,
P2412*,,,,,,,,,
P2413*,,,,,,,,,
P2414*,,,,,,,,,
P2415*,,,,,,,,,
P2416*,,,,,,,,,
P2417*,,,,,,,,,
P2418*,,,,,,,,,
P2419*,,,,,,,,,
P2420*,,,,,,,,,
P2421*,,,,,,,,,
P2422*,,,,,,,,,
P2423*,,,,,,,,,
P2424*,,,,,,,,,
P2425*,,,,,,,,,
P2426*,,,,,,,,,
P2427*,,,,,,,,,
P2428*,,,,,,,,,
P2429*,,,,,,,,,
P2430*,,,,,,,,,
P2431*,,,,,,,,,
P2432*,,,,,,,,,
P2433*,,,,,,,,,
P2434*,,,,,,,,,
P2435*,,,,,,,,,
P2436*,,,,,,,,,
P2437*,,,,,,,,,
P2438*,,,,,,,,,
P2439*,,,,,,,,,
P2440*,,,,,,,,,
P2441*,,,,,,,,,
P2442*,,,,,,,,,
P2443*,,,,,,,,,
P2444*,,,,,,,,,
P2445*,,,,,,,,,
P2446*,,,,,,,,,
P2447*,,,,,,,,,
P2448*,,,,,,,,,
P2449*,,,,,,,,,
P2450*,,,,,,,,,
P2451*,,,,,,,,,
P2452*,,,,,,,,,
P2453*,,,,,,,,,
P2454*,,,,,,,,,
P2455*,,,,,,,,,
P2456*,,,,,,,,,
P2457*,,,,,,,,,
P2458*,,,,,,,,,
P2459*,,,,,,,,,
P2460*,,,,,,,,,
P2461*,,,,,,,,,
P2462*,,,,,,,,,
P2463*,,,,,,,,,
P2464*,,,,,,,,,
P2465*,,,,,,,,,
P2466*,,,,,,,,,
P2467*,,,,,,,,,
P2468*,,,,,,,,,
P2469*,,,,,,,,,
P2470*,,,,,,,,,
P2471*,,,,,,,,,
P2472*,,,,,,,,,
P2473*,,,,,,,,,
P2474*,,,,,,,,,
P2475*,,,,,,,,,
P2476*,,,,,,,,,
P2477*,,,,,,,,,
P2478*,,,,,,,,,
P2479*,,,,,,,,,
P2480*,,,,,,,,,
P2481*,,,,,,,,,
P2482*,,,,,,,,,
P2483*,,,,,,,,,
P2484*,,,,,,,,,
P2485*,,,,,,,,,
P2486*,,,,,,,,,
P2487*,,,,,,,,,
P2488*,,,,,,,,,
P2489*,,,,,,,,,
P2490*,,,,,,,,,
P2491*,,,,,,,,,
P2492*,,,,,,,,,
P2493*,,,,,,,,,
P2494*,,,,,,,,,
P2495*,,,,,,,,,
P2496*,,,,,,,,,
P2497*,,,,,,,,,
P2498*,,,,,,,,,
P2499*,,,,,,,,,
P2500*,,,,,,,,,
P2501*,,,,,,,,,
P2502*,,,,,,,,,
P2503*,,,,,,,,,
P2504*,,,,,,,,,
P2505*,,,,,,,,,
P2506*,,,,,,,,,
P2507*,,,,,,,,,
P2508*,,,,,,,,,
P2509*,,,,,,,,,
P2510*,,,,,,,,,
P2511*,,,,,,,,,
P2512*,,,,,,,,,
P2513*,,,,,,,,,
P2514*,,,,,,,,,
P2515*,,,,,,,,,
P2516*,,,,,,,,,
P2517*,,,,,,,,,
P2518*,,,,,,,,,
P2519*,,,,,,,,,
P2520*,,,,,,,,,
P2521*,,,,,,,,,
P2522*,,,,,,,,,
P2523*,,,,,,,,,
P2524*,,,,,,,,,
P2525*,,,,,,,,,
P2526*,,,,,,,,,
P2527*,,,,,,,,,
P2528*,,,,,,,,,
P2529*,,,,,,,,,
P2530*,,,,,,,,,
P2531*,,,,,,,,,
P2532*,,,,,,,,,
P2533*,,,,,,,,,
P2534*,,,,,,,,,
P2535*,,,,,,,,,
P2536*,,,,,,,,,
P2537*,,,,,,,,,
P2538*,,,,,,,,,
P2539*,,,,,,,,,
P2540*,,,,,,,,,
P2541*,,,,,,,,,
P2542*,,,,,,,,,
P2543*,,,,,,,,,
P2544*,,,,,,,,,
P2545*,,,,,,,,,
P2546*,,,,,,,,,
P2547*,,,,,,,,,
P2548*,,,,,,,,,
P2549*,,,,,,,,,
P2550*,,,,,,,,,
P2551*,,,,,,,,,
P2552*,,,,,,,,,
P2553*,,,,,,,,,
P2554*,,,,,,,,,
P2555*,,,,,,,,,
P2556*,,,,,,,,,
P2557*,,,,,,,,,
P2558*,,,,,,,,,
P2559*,,,,,,,,,
P2560*,,,,,,,,,
P2561*,,,,,,,,,
P2562*,,,,,,,,,
P2563*,,,,,,,,,
P2564*,,,,,,,,,
P2565*,,,,,,,,,
P2566*,,,,,,,,,
P2567*,,,,,,,,,
P2568*,,,,,,,,,
P2569*,,,,,,,,,
P2570*,,,,,,,,,
P2571*,,,,,,,,,
P2572*,,,,,,,,,
P2573*,,,,,,,,,
P2574*,,,,,,,,,
P2575*,,,,,,,,,
P2576*,,,,,,,,,
P2577*,,,,,,,,,
P2578*,,,,,,,,,
P2579*,,,,,,,,,
P2580*,,,,,,,,,
P2581*,,,,,,,,,
P2582*,,,,,,,,,
P2583*,,,,,,,,,
P2584*,,,,,,,,,
P2585*,,,,,,,,,
P2586*,,,,,,,,,
P2587*,,,,,,,,,
P2588*,,,,,,,,,
P2589*,,,,,,,,,
P2590*,,,,,,,,,
P2591*,,,,,,,,,
P2592*,,,,,,,,,
P2593*,,,,,,,,,
P2594*,,,,,,,,,
P2595*,,,,,,,,,
P2596*,,,,,,,,,
P2597*,,,,,,,,,
P2598*,,,,,,,,,
P2599*,,,,,,,,,
P2600*,,,,,,,,,
P2601*,,,,,,,,,
P2602*,,,,,,,,,
P2603*,,,,,,,,,
P2604*,,,,,,,,,
P2605*,,,,,,,,,
P2606*,,,,,,,,,
P2607*,,,,,,,,,
P2608*,,,,,,,,,
P2609*,,,,,,,,,
P2610*,,,,,,,,,
P2611*,,,,,,,,,
P2612*,,,,,,,,,
P2613*,,,,,,,,,
P2614*,,,,,,,,,
P2615*,,,,,,,,,
P2616*,,,,,,,,,
P2617*,,,,,,,,,
P2618*,,,,,,,,,
P2619*,,,,,,,,,
P2620*,,,,,,,,,
P2621*,,,,,,,,,
P2622*,,,,,,,,,
P2623*,,,,,,,,,
P2624*,,,,,,,,,
P2625*,,,,,,,,,
P2626*,,,,,,,,,
P2627*,,,,,,,,,
P2628*,,,,,,,,,
P2629*,,,,,,,,,
P2630*,,,,,,,,,
P2631*,,,,,,,,,
P2632*,,,,,,,,,
P2633*,,,,,,,,,
P2634*,,,,,,,,,
P2635*,,,,,,,,,
P2636*,,,,,,,,,
P2637*,,,,,,,,,
P2638*,,,,,,,,,
P2639*,,,,,,,,,
P2640*,,,,,,,,,
P2641*,,,,,,,,,
P2642*,,,,,,,,,
P2643*,,,,,,,,,
P2644*,,,,,,,,,
P2645*,,,,,,,,,
P2646*,,,,,,,,,
P2647*,,,,,,,,,
P2648*,,,,,,,,,
P2649*,,,,,,,,,
P2650*,,,,,,,,,
P2651*,,,,,,,,,
P2652*,,,,,,,,,
P2653*,,,,,,,,,
P2654*,,,,,,,,,
P2655*,,,,,,,,,
P2656*,,,,,,,,,
P2657*,,,,,,,,,
P2658*,,,,,,,,,
P2659*,,,,,,,,,
P2660*,,,,,,,,,
P2661*,,,,,,,,,
P2662*,,,,,,,,,
P2663*,,,,,,,,,
P2664*,,,,,,,,,
P2665*,,,,,,,,,
P2666*,,,,,,,,,
P2667*,,,,,,,,,
P2668*,,,,,,,,,
P2669*,,,,,,,,,
P2670*,,,,,,,,,
P2671*,,,,,,,,,
P2672*,,,,,,,,,
P2673*,,,,,,,,,
P2674*,,,,,,,,,
P2675*,,,,,,,,,
P2676*,,,,,,,,,
P2677*,,,,,,,,,
P2678*,,,,,,,,,
P2679*,,,,,,,,,
P2680*,,,,,,,,,
P2681*,,,,,,,,,
P2682*,,,,,,,,,
P2683*,,,,,,,,,
P2684*,,,,,,,,,
P2685*,,,,,,,,,
P2686*,,,,,,,,,
P2687*,,,,,,,,,
P2688*,,,,,,,,,
P2689*,,,,,,,,,
P2690*,,,,,,,,,
P2691*,,,,,,,,,
P2692*,,,,,,,,,
P2693*,,,,,,,,,
P2694*,,,,,,,,,
P2695*,,,,,,,,,
P2696*,,,,,,,,,
P2697*,,,,,,,,,
P2698*,,,,,,,,,
P2699*,,,,,,,,,
P2700*,,,,,,,,,
P2701*,,,,,,,,,
P2702*,,,,,,,,,
P2703*,,,,,,,,,
P2704*,,,,,,,,,
P2705*,,,,,,,,,
P2706*,,,,,,,,,
P2707*,,,,,,,,,
P2708*,,,,,,,,,
P2709*,,,,,,,,,
P2710*,,,,,,,,,
P2711*,,,,,,,,,
P2712*,,,,,,,,,
P2713*,,,,,,,,,
P2714*,,,,,,,,,
P2715*,,,,,,,,,
P2716*,,,,,,,,,
P2717*,,,,,,,,,
P2718*,,,,,,,,,
P2719*,,,,,,,,,
P2720*,,,,,,,,,
P2721*,,,,,,,,,
P2722*,,,,,,,,,
P2723*,,,,,,,,,
P2724*,,,,,,,,,
P2725*,,,,,,,,,
P2726*,,,,,,,,,
P2727*,,,,,,,,,
P2728*,,,,,,,,,
P2729*,,,,,,,,,
P2730*,,,,,,,,,
P2731*,,,,,,,,,
P2732*,,,,,,,,,
P2733*,,,,,,,,,
P2734*,,,,,,,,,
P2735*,,,,,,,,,
P2736*,,,,,,,,,
P2737*,,,,,,,,,
P2738*,,,,,,,,,
P2739*,,,,,,,,,
P2740*,,,,,,,,,
P2741*,,,,,,,,,
P2742*,,,,,,,,,
P2743*,,,,,,,,,
P2744*,,,,,,,,,
P2745*,,,,,,,,,
P2746*,,,,,,,,,
P2747*,,,,,,,,,
P2748*,,,,,,,,,
P2749*,,,,,,,,,
P2750*,,,,,,,,,
P2751*,,,,,,,,,
P2752*,,,,,,,,,
P2753*,,,,,,,,,
P2754*,,,,,,,,,
P2755*,,,,,,,,,
P2756*,,,,,,,,,
P2757*,,,,,,,,,
P2758*,,,,,,,,,
P2759*,,,,,,,,,
P2760*,,,,,,,,,
P2761*,,,,,,,,,
P2762*,,,,,,,,,
P2763*,,,,,,,,,
P2764*,,,,,,,,,
P2765*,,,,,,,,,
P2766*,,,,,,,,,
P2767*,,,,,,,,,
P2768*,,,,,,,,,
P2769*,,,,,,,,,
P2770*,,,,,,,,,
P2771*,,,,,,,,,
P2772*,,,,,,,,,
P2773*,,,,,,,,,
P2774*,,,,,,,,,
P2775*,,,,,,,,,
P2776*,,,,,,,,,
P2777*,,,,,,,,,
P2778*,,,,,,,,,
P2779*,,,,,,,,,
P2780*,,,,,,,,,
P2781*,,,,,,,,,
P2782*,,,,,,,,,
P2783*,,,,,,,,,
P2784*,,,,,,,,,
P2785*,,,,,,,,,
P2786*,,,,,,,,,
P2787*,,,,,,,,,
P2788*,,,,,,,,,
P2789*,,,,,,,,,
P2790*,,,,,,,,,
P2791*,,,,,,,,,
P2792*,,,,,,,,,
P2793*,,,,,,,,,
P2794*,,,,,,,,,
P2795*,,,,,,,,,
P2796*,,,,,,,,,
P2797*,,,,,,,,,
P2798*,,,,,,,,,
P2799*,,,,,,,,,
P2800*,,,,,,,,,
P2801*,,,,,,,,,
P2802*,,,,,,,,,
P2803*,,,,,,,,,
P2804*,,,,,,,,,
P2805*,,,,,,,,,
P2806*,,,,,,,,,
P2807*,,,,,,,,,
P2808*,,,,,,,,,
P2809*,,,,,,,,,
P2810*,,,,,,,,,
P2811*,,,,,,,,,
P2812*,,,,,,,,,
P2813*,,,,,,,,,
P2814*,,,,,,,,,
P2815*,,,,,,,,,
P2816*,,,,,,,,,
P2817*,,,,,,,,,
P2818*,,,,,,,,,
P2819*,,,,,,,,,
P2820*,,,,,,,,,
P2821*,,,,,,,,,
P2822*,,,,,,,,,
P2823*,,,,,,,,,
P2824*,,,,,,,,,
P2825*,,,,,,,,,
P2826*,,,,,,,,,
P2827*,,,,,,,,,
P2828*,,,,,,,,,
P2829*,,,,,,,,,
P2830*,,,,,,,,,
P2831*,,,,,,,,,
P2832*,,,,,,,,,
P2833*,,,,,,,,,
P2834*,,,,,,,,,
P2835*,,,,,,,,,
P2836*,,,,,,,,,
P2837*,,,,,,,,,
P2838*,,,,,,,,,
P2839*,,,,,,,,,
P2840*,,,,,,,,,
P2841*,,,,,,,,,
P2842*,,,,,,,,,
P2843*,,,,,,,,,
P2844*,,,,,,,,,
P2845*,,,,,,,,,
P2846*,,,,,,,,,
P2847*,,,,,,,,,
P2848*,,,,,,,,,
P2849*,,,,,,,,,
P2850*,,,,,,,,,
P2851*,,,,,,,,,
P2852*,,,,,,,,,
P2853*,,,,,,,,,
P2854*,,,,,,,,,
P2855*,,,,,,,,,
P2856*,,,,,,,,,
P2857*,,,,,,,,,
P2858*,,,,,,,,,
P2859*,,,,,,,,,
P2860*,,,,,,,,,
P2861*,,,,,,,,,
P2862*,,,,,,,,,
P2863*,,,,,,,,,
P2864*,,,,,,,,,
P2865*,,,,,,,,,
P2866*,,,,,,,,,
P2867*,,,,,,,,,
P2868*,,,,,,,,,
P2869*,,,,,,,,,
P2870*,,,,,,,,,
P2871*,,,,,,,,,
P2872*,,,,,,,,,
P2873*,,,,,,,,,
P2874*,,,,,,,,,
P2875*,,,,,,,,,
P2876*,,,,,,,,,
P2877*,,,,,,,,,
P2878*,,,,,,,,,
P2879*,,,,,,,,,
P2880*,,,,,,,,,
P2881*,,,,,,,,,
P2882*,,,,,,,,,
P2883*,,,,,,,,,
P2884*,,,,,,,,,
P2885*,,,,,,,,,
P2886*,,,,,,,,,
P2887*,,,,,,,,,
P2888*,,,,,,,,,
P2889*,,,,,,,,,
P2890*,,,,,,,,,
P2891*,,,,,,,,,
P2892*,,,,,,,,,
P2893*,,,,,,,,,
P2894*,,,,,,,,,
P2895*,,,,,,,,,
P2896*,,,,,,,,,
P2897*,,,,,,,,,
P2898*,,,,,,,,,
P2899*,,,,,,,,,
P2900*,,,,,,,,,
P2901*,,,,,,,,,
P2902*,,,,,,,,,
P2903*,,,,,,,,,
P2904*,,,,,,,,,
P2905*,,,,,,,,,
P2906*,,,,,,,,,
P2907*,,,,,,,,,
P2908*,,,,,,,,,
P2909*,,,,,,,,,
P2910*,,,,,,,,,
P2911*,,,,,,,,,
P2912*,,,,,,,,,
P2913*,,,,,,,,,
P2914*,,,,,,,,,
P2915*,,,,,,,,,
P2916*,,,,,,,,,
P2917*,,,,,,,,,
P2918*,,,,,,,,,
P2919*,,,,,,,,,
P2920*,,,,,,,,,
P2921*,,,,,,,,,
P2922*,,,,,,,,,
P2923*,,,,,,,,,
P2924*,,,,,,,,,
P2925*,,,,,,,,,
P2926*,,,,,,,,,
P2927*,,,,,,,,,
P2928*,,,,,,,,,
P2929*,,,,,,,,,
P2930*,,,,,,,,,
P2931*,,,,,,,,,
P2932*,,,,,,,,,
P2933*,,,,,,,,,
P2934*,,,,,,,,,
P2935*,,,,,,,,,
P2936*,,,,,,,,,
P2937*,,,,,,,,,
P2938*,,,,,,,,,
P2939*,,,,,,,,,
P2940*,,,,,,,,,
P2941*,,,,,,,,,
P2942*,,,,,,,,,
P2943*,,,,,,,,,
P2944*,,,,,,,,,
P2945*,,,,,,,,,
P2946*,,,,,,,,,
P2947*,,,,,,,,,
P2948*,,,,,,,,,
P2949*,,,,,,,,,
P2950*,,,,,,,,,
P2951*,,,,,,,,,
P2952*,,,,,,,,,
P2953*,,,,,,,,,
P2954*,,,,,,,,,
P2955*,,,,,,,,,
P2956*,,,,,,,,,
P2957*,,,,,,,,,
P2958*,,,,,,,,,
P2959*,,,,,,,,,
P2960*,,,,,,,,,
P2961*,,,,,,,,,
P2962*,,,,,,,,,
P2963*,,,,,,,,,
P2964*,,,,,,,,,
P2965*,,,,,,,,,
P2966*,,,,,,,,,
P2967*,,,,,,,,,
P2968*,,,,,,,,,
P2969*,,,,,,,,,
P2970*,,,,,,,,,
P2971*,,,,,,,,,
P2972*,,,,,,,,,
P2973*,,,,,,,,,
P2974*,,,,,,,,,
P2975*,,,,,,,,,
P2976*,,,,,,,,,
P2977*,,,,,,,,,
P2978*,,,,,,,,,
P2979*,,,,,,,,,
P2980*,,,,,,,,,
P2981*,,,,,,,,,
P2982*,,,,,,,,,
P2983*,,,,,,,,,
P2984*,,,,,,,,,
P2985*,,,,,,,,,
P2986*,,,,,,,,,
P2987*,,,,,,,,,
P2988*,,,,,,,,,
P2989*,,,,,,,,,
P2990*,,,,,,,,,
P2991*,,,,,,,,,
P2992*,,,,,,,,,
P2993*,,,,,,,,,
P2994*,,,,,,,,,
P2995*,,,,,,,,,
P2996*,,,,,,,,,
P2997*,,,,,,,,,
P2998*,,,,,,,,,
P2999*,,,,,,,,,
